-- phpMyAdmin SQL Dump
-- version 5.2.0
-- https://www.phpmyadmin.net/
--
-- Host: localhost
-- Generation Time: Oct 25, 2025 at 06:46 AM
-- Server version: 10.4.27-MariaDB
-- PHP Version: 7.4.33

SET SQL_MODE = "NO_AUTO_VALUE_ON_ZERO";
START TRANSACTION;
SET time_zone = "+00:00";


/*!40101 SET @OLD_CHARACTER_SET_CLIENT=@@CHARACTER_SET_CLIENT */;
/*!40101 SET @OLD_CHARACTER_SET_RESULTS=@@CHARACTER_SET_RESULTS */;
/*!40101 SET @OLD_COLLATION_CONNECTION=@@COLLATION_CONNECTION */;
/*!40101 SET NAMES utf8mb4 */;

--
-- Database: `cbt25`
--

-- --------------------------------------------------------

--
-- Table structure for table `auth`
--

CREATE TABLE `auth` (
  `id` int(11) NOT NULL,
  `username` varchar(128) NOT NULL,
  `password` varchar(1028) NOT NULL,
  `nama` varchar(256) NOT NULL,
  `level` varchar(32) NOT NULL
) ENGINE=InnoDB DEFAULT CHARSET=utf8mb4 COLLATE=utf8mb4_general_ci;

--
-- Dumping data for table `auth`
--

INSERT INTO `auth` (`id`, `username`, `password`, `nama`, `level`) VALUES
(1, 'K01030098', '$2y$10$jSKItImoTscC6LwNB5wCd.OALR83pXUINbgYGMSq35z5S0VByBuFW', 'Administrator', 'admin'),
(2, 'K01030098-AKL', '30c87aa2df2fd8fc61079ffc1f10e6cc', 'ADMINISTRATOR AKL', 'adminakl'),
(3, 'K01030098-PM', '30c87aa2df2fd8fc61079ffc1f10e6cc', 'ADMINISTRATOR PM', 'adminbdp'),
(4, 'K01030098-MPLB', '30c87aa2df2fd8fc61079ffc1f10e6cc', 'ADMINISTRATOR MPLB', 'adminotkp'),
(5, 'K01030098-TJKT', '30c87aa2df2fd8fc61079ffc1f10e6cc', 'ADMINISTRATOR TJKT', 'admintkj'),
(6, 'K01030098-DKV', '30c87aa2df2fd8fc61079ffc1f10e6cc', 'ADMINISTRATOR DKV', 'admindkv');

-- --------------------------------------------------------

--
-- Table structure for table `a_jadwal`
--

CREATE TABLE `a_jadwal` (
  `id_jadwal` bigint(24) NOT NULL,
  `id_mapel` int(11) NOT NULL,
  `tanggal_mulai` date NOT NULL,
  `waktu_mulai` time NOT NULL,
  `waktu_selesai` time NOT NULL
) ENGINE=InnoDB DEFAULT CHARSET=utf8mb4 COLLATE=utf8mb4_general_ci;

--
-- Dumping data for table `a_jadwal`
--

INSERT INTO `a_jadwal` (`id_jadwal`, `id_mapel`, `tanggal_mulai`, `waktu_mulai`, `waktu_selesai`) VALUES
(89988456, 10029138, '2025-10-22', '06:00:00', '12:00:00'),
(97719772, 10052101, '2025-10-20', '06:00:00', '12:00:00');

-- --------------------------------------------------------

--
-- Table structure for table `a_jurusan`
--

CREATE TABLE `a_jurusan` (
  `id` int(11) NOT NULL,
  `kode` varchar(8) NOT NULL,
  `jurusan` varchar(128) NOT NULL
) ENGINE=InnoDB DEFAULT CHARSET=utf8mb4 COLLATE=utf8mb4_general_ci;

--
-- Dumping data for table `a_jurusan`
--

INSERT INTO `a_jurusan` (`id`, `kode`, `jurusan`) VALUES
(101, 'AKL', 'AKUTANSI KEUANGAN LEMBAGA'),
(202, 'PM', 'PEMASARAN'),
(303, 'MPLB', 'MANAJEMEN PERKANTORAN DAN LAYANAN BISNIS'),
(404, 'TJKT', 'TEKNIK JARINGAN KOMPUTER DAN TELEKOMUNIKASI'),
(505, 'DKV', 'DESAIN KOMUNIKASI VISUAL');

-- --------------------------------------------------------

--
-- Table structure for table `a_kelas`
--

CREATE TABLE `a_kelas` (
  `id` int(11) NOT NULL,
  `kode` varchar(8) NOT NULL,
  `kelas` varchar(128) NOT NULL,
  `slug` varchar(16) NOT NULL
) ENGINE=InnoDB DEFAULT CHARSET=utf8mb4 COLLATE=utf8mb4_general_ci;

--
-- Dumping data for table `a_kelas`
--

INSERT INTO `a_kelas` (`id`, `kode`, `kelas`, `slug`) VALUES
(10012526, 'AKL', 'X AKL 1', 'xakl12526'),
(10022526, 'AKL', 'X AKL 2', 'xakl22526'),
(10032526, 'PM', 'X PM', 'xpm2526'),
(10042526, 'MPLB', 'X MPLB 1', 'xmplb12526'),
(10052526, 'MPLB', 'X MPLB 2', 'xmplb22526'),
(10062526, 'TJKT', 'X TJKT 1', 'xtjkt12526'),
(10072526, 'TJKT', 'X TJKT 2', 'xtjkt22526'),
(10082526, 'TJKT', 'X TJKT 3', 'xtjkt32526'),
(10092526, 'TJKT', 'X TJKT 4', 'xtjkt42526'),
(10102526, 'DKV', 'X DKV', 'xdkv2526'),
(10112526, 'AKL', 'XI AKL 1', 'xiakl12526'),
(10122526, 'AKL', 'XI AKL 2', 'xiakl22526'),
(10132526, 'PM', 'XI PM', 'xipm2526'),
(10142526, 'MPLB', 'XI MPLB 1', 'ximplb12526'),
(10152526, 'MPLB', 'XI MPLB 2', 'ximplb22526'),
(10162526, 'TJKT', 'XI TJKT 1', 'xitjkt12526'),
(10172526, 'TJKT', 'XI TJKT 2', 'xitjkt22526'),
(10182526, 'TJKT', 'XI TJKT 3', 'xitjkt32526'),
(10192526, 'DKV', 'XI DKV', 'xidkv2526'),
(10202526, 'AKL', 'XII AKL 1', 'xiiakl12526'),
(10212526, 'AKL', 'XII AKL 2', 'xiiakl22526'),
(10222526, 'PM', 'XII PM', 'xiipm2526'),
(10232526, 'MPLB', 'XII MPLB 1', 'xiimplb12526'),
(10242526, 'MPLB', 'XII MPLB 2', 'xiimplb22526'),
(10252526, 'TJKT', 'XII TJKT 1', 'xiitjkt12526'),
(10262526, 'TJKT', 'XII TJKT 2', 'xiitjkt22526'),
(10272526, 'TJKT', 'XII TJKT 3', 'xiitjkt32526'),
(10282526, 'DKV', 'XII DKV', 'xiidkv2526');

-- --------------------------------------------------------

--
-- Table structure for table `a_mapel`
--

CREATE TABLE `a_mapel` (
  `id_mapel` bigint(240) NOT NULL,
  `id_kelas` int(11) NOT NULL,
  `nama_mapel` text NOT NULL,
  `timestamp` timestamp NOT NULL DEFAULT current_timestamp() ON UPDATE current_timestamp()
) ENGINE=InnoDB DEFAULT CHARSET=utf8mb4 COLLATE=utf8mb4_general_ci;

--
-- Dumping data for table `a_mapel`
--

INSERT INTO `a_mapel` (`id_mapel`, `id_kelas`, `nama_mapel`, `timestamp`) VALUES
(10029138, 10012526, 'CODING & AI ( X AKL 1 )', '2025-10-19 14:32:30'),
(10032358, 10022526, 'CODING & AI ( X AKL 2 )', '2025-10-19 14:32:30'),
(10047393, 10032526, 'CODING & AI ( X PM )', '2025-10-19 14:32:30'),
(10052101, 10042526, 'CODING & AI ( X MPLB 1 )', '2025-10-19 14:32:30'),
(10061860, 10052526, 'CODING & AI ( X MPLB 2 )', '2025-10-19 14:32:30'),
(10073425, 10062526, 'CODING & AI ( X TJKT 1 )', '2025-10-19 14:32:30'),
(10085406, 10072526, 'CODING & AI ( X TJKT 2 )', '2025-10-19 14:32:30'),
(10097143, 10082526, 'CODING & AI ( X TJKT 3 )', '2025-10-19 14:32:30'),
(10102478, 10092526, 'CODING & AI ( X TJKT 4 )', '2025-10-19 14:32:30');

-- --------------------------------------------------------

--
-- Table structure for table `a_setting`
--

CREATE TABLE `a_setting` (
  `id_setting` int(12) NOT NULL,
  `nama_sekolah` varchar(128) NOT NULL,
  `alamat_sekolah` varchar(1024) NOT NULL,
  `npsn` varchar(18) NOT NULL
) ENGINE=InnoDB DEFAULT CHARSET=utf8mb4 COLLATE=utf8mb4_general_ci;

--
-- Dumping data for table `a_setting`
--

INSERT INTO `a_setting` (`id_setting`, `nama_sekolah`, `alamat_sekolah`, `npsn`) VALUES
(1001, 'SMK COMPUTER BASED TEST', 'JL. JAKARTA BARAT', '00001');

-- --------------------------------------------------------

--
-- Table structure for table `a_siswa`
--

CREATE TABLE `a_siswa` (
  `id` int(11) NOT NULL,
  `no_peserta` varchar(128) NOT NULL,
  `nama_siswa` varchar(512) NOT NULL,
  `kelas` varchar(16) NOT NULL,
  `jurusan` varchar(8) NOT NULL,
  `username` varchar(128) NOT NULL,
  `password` varchar(128) NOT NULL,
  `level` text NOT NULL,
  `status` int(11) NOT NULL
) ENGINE=InnoDB DEFAULT CHARSET=utf8mb4 COLLATE=utf8mb4_general_ci;

--
-- Dumping data for table `a_siswa`
--

INSERT INTO `a_siswa` (`id`, `no_peserta`, `nama_siswa`, `kelas`, `jurusan`, `username`, `password`, `level`, `status`) VALUES
(10014669, 'STSGANJIL25268728', 'ALMIYA RAHMA JULIANTI', 'xakl12526', 'AKL', 'K01030098259638', 'STSGANJIL25268728', 'siswa', 1),
(10025009, 'STSGANJIL25268728', 'AURIN OCTAVIA', 'xakl12526', 'AKL', 'K01030098259639', 'STSGANJIL25268728', 'siswa', 1),
(10039870, 'STSGANJIL25268728', 'CHRISTIAN DAY ZAHENSA', 'xakl12526', 'AKL', 'K01030098259640', 'STSGANJIL25268728', 'siswa', 1),
(10048952, 'STSGANJIL25268728', 'DEVITA AWALIA FITRIANI', 'xakl12526', 'AKL', 'K01030098259641', 'STSGANJIL25268728', 'siswa', 1),
(10052255, 'STSGANJIL25268728', 'FABIAN ALVES', 'xakl12526', 'AKL', 'K01030098259642', 'STSGANJIL25268728', 'siswa', 1),
(10065470, 'STSGANJIL25268728', 'GRECE', 'xakl12526', 'AKL', 'K01030098259643', 'STSGANJIL25268728', 'siswa', 1),
(10071942, 'STSGANJIL25268728', 'KAYLA FALISHA SYAHRA', 'xakl12526', 'AKL', 'K01030098259644', 'STSGANJIL25268728', 'siswa', 1),
(10089394, 'STSGANJIL25268728', 'KHANSHA FADHILAH', 'xakl12526', 'AKL', 'K01030098259645', 'STSGANJIL25268728', 'siswa', 1),
(10091581, 'STSGANJIL25268728', 'KHOIRUN NISA RAMADHANI', 'xakl12526', 'AKL', 'K01030098259646', 'STSGANJIL25268728', 'siswa', 1),
(10109847, 'STSGANJIL25268728', 'MAELANI', 'xakl12526', 'AKL', 'K01030098259647', 'STSGANJIL25268728', 'siswa', 1),
(10112221, 'STSGANJIL25268728', 'MARCHA DELIA ASTARI', 'xakl12526', 'AKL', 'K01030098259648', 'STSGANJIL25268728', 'siswa', 1),
(10127302, 'STSGANJIL25268728', 'MELLDYA TERANIA', 'xakl12526', 'AKL', 'K01030098259649', 'STSGANJIL25268728', 'siswa', 1),
(10131117, 'STSGANJIL25268728', 'MUHAMMAD RAMADHAN', 'xakl12526', 'AKL', 'K01030098259650', 'STSGANJIL25268728', 'siswa', 1),
(10146445, 'STSGANJIL25268728', 'NABILA GUNAWAN', 'xakl12526', 'AKL', 'K01030098259651', 'STSGANJIL25268728', 'siswa', 1),
(10152183, 'STSGANJIL25268728', 'RESTU ALFIAN', 'xakl12526', 'AKL', 'K01030098259652', 'STSGANJIL25268728', 'siswa', 1),
(10165131, 'STSGANJIL25268728', 'RIKI', 'xakl12526', 'AKL', 'K01030098259653', 'STSGANJIL25268728', 'siswa', 1),
(10179754, 'STSGANJIL25268728', 'RIOVANO DUDIKOV', 'xakl12526', 'AKL', 'K01030098259654', 'STSGANJIL25268728', 'siswa', 1),
(10187478, 'STSGANJIL25268728', 'SHERINA RAHMALIA', 'xakl12526', 'AKL', 'K01030098259655', 'STSGANJIL25268728', 'siswa', 1),
(10198060, 'STSGANJIL25268728', 'SILVIA', 'xakl12526', 'AKL', 'K01030098259656', 'STSGANJIL25268728', 'siswa', 1),
(10203016, 'STSGANJIL25268728', 'SITI NAZWA', 'xakl12526', 'AKL', 'K01030098259810', 'STSGANJIL25268728', 'siswa', 1),
(10215247, 'STSGANJIL25268728', 'SYAFINA NAHLA ALTAFIZA', 'xakl12526', 'AKL', 'K01030098259657', 'STSGANJIL25268728', 'siswa', 1),
(10228381, 'STSGANJIL25268728', 'SYIFA ALFI WIRATNA', 'xakl12526', 'AKL', 'K01030098259658', 'STSGANJIL25268728', 'siswa', 1),
(10238749, 'STSGANJIL25268728', 'TENSA YUNIARTA', 'xakl12526', 'AKL', 'K01030098259659', 'STSGANJIL25268728', 'siswa', 1),
(10241854, 'STSGANJIL25268728', 'VALDI IMMANUEL', 'xakl12526', 'AKL', 'K01030098259660', 'STSGANJIL25268728', 'siswa', 1),
(10253994, 'STSGANJIL25268728', 'YOSELA DEWI AMELIA', 'xakl12526', 'AKL', 'K01030098259661', 'STSGANJIL25268728', 'siswa', 1),
(10261221, 'STSGANJIL25268728', 'ZAHRA RASTA FARA', 'xakl12526', 'AKL', 'K01030098259662', 'STSGANJIL25268728', 'siswa', 1),
(10273639, 'STSGANJIL25268728', 'ZEFANYA ANASTASYA YUSUF', 'xakl12526', 'AKL', 'K01030098259663', 'STSGANJIL25268728', 'siswa', 1),
(10285778, 'STSGANJIL25268728', 'ZHAKY VELINO HERYANSYAH', 'xakl12526', 'AKL', 'K01030098259664', 'STSGANJIL25268728', 'siswa', 1),
(10295799, 'STSGANJIL25268728', 'ANGELIKA TANALIE', 'xakl22526', 'AKL', 'K01030098259665', 'STSGANJIL25268728', 'siswa', 1),
(10307173, 'STSGANJIL25268728', 'ANNISA SITI NUR AZIZAH', 'xakl22526', 'AKL', 'K01030098259666', 'STSGANJIL25268728', 'siswa', 1),
(10315793, 'STSGANJIL25268728', 'AURELIA OKTAVIANI', 'xakl22526', 'AKL', 'K01030098259667', 'STSGANJIL25268728', 'siswa', 1),
(10321860, 'STSGANJIL25268728', 'CHENYLAURA PATRISIA', 'xakl22526', 'AKL', 'K01030098259668', 'STSGANJIL25268728', 'siswa', 1),
(10333950, 'STSGANJIL25268728', 'DEVIN MARLIO', 'xakl22526', 'AKL', 'K01030098259669', 'STSGANJIL25268728', 'siswa', 1),
(10347882, 'STSGANJIL25268728', 'DHAVINA ALZAHWA SAFITRI', 'xakl22526', 'AKL', 'K01030098259670', 'STSGANJIL25268728', 'siswa', 1),
(10357885, 'STSGANJIL25268728', 'FARDHAN ADHASA', 'xakl22526', 'AKL', 'K01030098259671', 'STSGANJIL25268728', 'siswa', 1),
(10366698, 'STSGANJIL25268728', 'FERNANDO FERDERICK VALENTINO', 'xakl22526', 'AKL', 'K01030098259672', 'STSGANJIL25268728', 'siswa', 1),
(10376304, 'STSGANJIL25268728', 'GHAZILA JAUZA AULIA', 'xakl22526', 'AKL', 'K01030098259673', 'STSGANJIL25268728', 'siswa', 1),
(10381510, 'STSGANJIL25268728', 'KEYSA TRI UTAMI', 'xakl22526', 'AKL', 'K01030098259674', 'STSGANJIL25268728', 'siswa', 1),
(10396334, 'STSGANJIL25268728', 'KEYZA NOVIANDRA PUTRI', 'xakl22526', 'AKL', 'K01030098259675', 'STSGANJIL25268728', 'siswa', 1),
(10404199, 'STSGANJIL25268728', 'MUHAMMAD ZACKY IRVANSYAH', 'xakl22526', 'AKL', 'K01030098259676', 'STSGANJIL25268728', 'siswa', 1),
(10414790, 'STSGANJIL25268728', 'MULIA KHAIRUN NISA', 'xakl22526', 'AKL', 'K01030098259677', 'STSGANJIL25268728', 'siswa', 1),
(10423046, 'STSGANJIL25268728', 'NAFEZA ANDENA SENJANI', 'xakl22526', 'AKL', 'K01030098259678', 'STSGANJIL25268728', 'siswa', 1),
(10433081, 'STSGANJIL25268728', 'NUR AZIZAH', 'xakl22526', 'AKL', 'K01030098259679', 'STSGANJIL25268728', 'siswa', 1),
(10443809, 'STSGANJIL25268728', 'NURHAENI', 'xakl22526', 'AKL', 'K01030098259680', 'STSGANJIL25268728', 'siswa', 1),
(10456086, 'STSGANJIL25268728', 'PRINCESSA AELIS', 'xakl22526', 'AKL', 'K01030098259681', 'STSGANJIL25268728', 'siswa', 1),
(10464359, 'STSGANJIL25268728', 'RIYAN DAMARSYAH', 'xakl22526', 'AKL', 'K01030098259683', 'STSGANJIL25268728', 'siswa', 1),
(10479362, 'STSGANJIL25268728', 'SILVA JULIAN PRATIKHA', 'xakl22526', 'AKL', 'K01030098259684', 'STSGANJIL25268728', 'siswa', 1),
(10483266, 'STSGANJIL25268728', 'SUNINESIH', 'xakl22526', 'AKL', 'K01030098259685', 'STSGANJIL25268728', 'siswa', 1),
(10495771, 'STSGANJIL25268728', 'SYROJI FAUZI', 'xakl22526', 'AKL', 'K01030098259686', 'STSGANJIL25268728', 'siswa', 1),
(10508646, 'STSGANJIL25268728', 'TANIA SAUSAN MAHARANI', 'xakl22526', 'AKL', 'K01030098259687', 'STSGANJIL25268728', 'siswa', 1),
(10518347, 'STSGANJIL25268728', 'VIAN NANDA SAPUTRA', 'xakl22526', 'AKL', 'K01030098259688', 'STSGANJIL25268728', 'siswa', 1),
(10527388, 'STSGANJIL25268728', 'ZAHIRA SALSABILA SUSILO', 'xakl22526', 'AKL', 'K01030098259689', 'STSGANJIL25268728', 'siswa', 1),
(10534505, 'STSGANJIL25268728', 'ZAHRA NUR OKTAVIANI', 'xakl22526', 'AKL', 'K01030098259690', 'STSGANJIL25268728', 'siswa', 1),
(10542221, 'STSGANJIL25268728', 'ZHAKY RAHMADAN PUTRA', 'xakl22526', 'AKL', 'K01030098259691', 'STSGANJIL25268728', 'siswa', 1),
(10553120, 'STSGANJIL25268728', 'ADAM FAUZI', 'xdkv2526', 'DKV', 'K01030098259598', 'STSGANJIL25268728', 'siswa', 1),
(10565595, 'STSGANJIL25268728', 'ADITYA PRASETYO', 'xdkv2526', 'DKV', 'K01030098259599', 'STSGANJIL25268728', 'siswa', 1),
(10573179, 'STSGANJIL25268728', 'ALDAN TRIWINATA', 'xdkv2526', 'DKV', 'K01030098259600', 'STSGANJIL25268728', 'siswa', 1),
(10582427, 'STSGANJIL25268728', 'ALIFCA DESTYAR RAHAYU', 'xdkv2526', 'DKV', 'K01030098259601', 'STSGANJIL25268728', 'siswa', 1),
(10593872, 'STSGANJIL25268728', 'ALSYAFI PUTRA CHAILY', 'xdkv2526', 'DKV', 'K01030098259602', 'STSGANJIL25268728', 'siswa', 1),
(10601698, 'STSGANJIL25268728', 'ANANDA LUFHFI HANIFAH', 'xdkv2526', 'DKV', 'K01030098259603', 'STSGANJIL25268728', 'siswa', 1),
(10618069, 'STSGANJIL25268728', 'ARJUNA IBRAHIM', 'xdkv2526', 'DKV', 'K01030098259604', 'STSGANJIL25268728', 'siswa', 1),
(10622455, 'STSGANJIL25268728', 'AZRIEL RAHARDIAN DIRMANSYAH', 'xdkv2526', 'DKV', 'K01030098259605', 'STSGANJIL25268728', 'siswa', 1),
(10633477, 'STSGANJIL25268728', 'AZZAHRAH PUTERI SETIAWAN', 'xdkv2526', 'DKV', 'K01030098259606', 'STSGANJIL25268728', 'siswa', 1),
(10643745, 'STSGANJIL25268728', 'CANTIK LAURA HIDAYAT', 'xdkv2526', 'DKV', 'K01030098259607', 'STSGANJIL25268728', 'siswa', 1),
(10657409, 'STSGANJIL25268728', 'DAMAR DIRGANTARA', 'xdkv2526', 'DKV', 'K01030098259608', 'STSGANJIL25268728', 'siswa', 1),
(10664180, 'STSGANJIL25268728', 'DEDE FIRMASYAH', 'xdkv2526', 'DKV', 'K01030098259609', 'STSGANJIL25268728', 'siswa', 1),
(10672094, 'STSGANJIL25268728', 'DENI WILDAN SAPUTRA', 'xdkv2526', 'DKV', 'K01030098259812', 'STSGANJIL25268728', 'siswa', 1),
(10682388, 'STSGANJIL25268728', 'DEVAN SYAEFUL RAMDHANY', 'xdkv2526', 'DKV', 'K01030098259610', 'STSGANJIL25268728', 'siswa', 1),
(10692988, 'STSGANJIL25268728', 'DICKA FERDINAND', 'xdkv2526', 'DKV', 'K01030098259611', 'STSGANJIL25268728', 'siswa', 1),
(10702538, 'STSGANJIL25268728', 'DORAY SINGAM', 'xdkv2526', 'DKV', 'K01030098259612', 'STSGANJIL25268728', 'siswa', 1),
(10715837, 'STSGANJIL25268728', 'EIFFEL LATEEFA QUEENARA', 'xdkv2526', 'DKV', 'K01030098259613', 'STSGANJIL25268728', 'siswa', 1),
(10726280, 'STSGANJIL25268728', 'FATHANIA KHAIRUNNISA SUBHANA', 'xdkv2526', 'DKV', 'K01030098259614', 'STSGANJIL25268728', 'siswa', 1),
(10735928, 'STSGANJIL25268728', 'GHIO FARLAN ANANDA', 'xdkv2526', 'DKV', 'K01030098259811', 'STSGANJIL25268728', 'siswa', 1),
(10745579, 'STSGANJIL25268728', 'HAFIDZI SIROJUDDIN', 'xdkv2526', 'DKV', 'K01030098259615', 'STSGANJIL25268728', 'siswa', 1),
(10755334, 'STSGANJIL25268728', 'HAFIT MARDIANSYAH', 'xdkv2526', 'DKV', 'K01030098259616', 'STSGANJIL25268728', 'siswa', 1),
(10766984, 'STSGANJIL25268728', 'HANIF REVANDI', 'xdkv2526', 'DKV', 'K01030098259617', 'STSGANJIL25268728', 'siswa', 1),
(10776530, 'STSGANJIL25268728', 'HANIFAH MUNFIKOH', 'xdkv2526', 'DKV', 'K01030098259618', 'STSGANJIL25268728', 'siswa', 1),
(10787875, 'STSGANJIL25268728', 'INNAYAH KHANZA ARRIZQIYAH', 'xdkv2526', 'DKV', 'K01030098259619', 'STSGANJIL25268728', 'siswa', 1),
(10794172, 'STSGANJIL25268728', 'INUYASHA', 'xdkv2526', 'DKV', 'K01030098259620', 'STSGANJIL25268728', 'siswa', 1),
(10805598, 'STSGANJIL25268728', 'MUHAMAD HUSEN', 'xdkv2526', 'DKV', 'K01030098259621', 'STSGANJIL25268728', 'siswa', 1),
(10811538, 'STSGANJIL25268728', 'NAISIKA RAMADHANI', 'xdkv2526', 'DKV', 'K01030098259622', 'STSGANJIL25268728', 'siswa', 1),
(10827462, 'STSGANJIL25268728', 'NATHANAEL WYLSON ORLANDO', 'xdkv2526', 'DKV', 'K01030098259623', 'STSGANJIL25268728', 'siswa', 1),
(10838157, 'STSGANJIL25268728', 'NICKOLAS SYAH PUTRA', 'xdkv2526', 'DKV', 'K01030098259624', 'STSGANJIL25268728', 'siswa', 1),
(10844777, 'STSGANJIL25268728', 'NUR NAJMI LAILA ROCHMAH', 'xdkv2526', 'DKV', 'K01030098259625', 'STSGANJIL25268728', 'siswa', 1),
(10854662, 'STSGANJIL25268728', 'PANDU ARI DWI HANDIKA', 'xdkv2526', 'DKV', 'K01030098259626', 'STSGANJIL25268728', 'siswa', 1),
(10866413, 'STSGANJIL25268728', 'PRABU KIAN SANTANG', 'xdkv2526', 'DKV', 'K01030098259627', 'STSGANJIL25268728', 'siswa', 1),
(10878420, 'STSGANJIL25268728', 'PUTRI SAFA APRILIA', 'xdkv2526', 'DKV', 'K01030098259628', 'STSGANJIL25268728', 'siswa', 1),
(10889721, 'STSGANJIL25268728', 'RADIT SANJAYA PUTRA', 'xdkv2526', 'DKV', 'K01030098259629', 'STSGANJIL25268728', 'siswa', 1),
(10896198, 'STSGANJIL25268728', 'RIZKIAH PUTRI HARDIANTI', 'xdkv2526', 'DKV', 'K01030098259630', 'STSGANJIL25268728', 'siswa', 1),
(10909939, 'STSGANJIL25268728', 'RIZQI RAYANA HIDAYAT', 'xdkv2526', 'DKV', 'K01030098259631', 'STSGANJIL25268728', 'siswa', 1),
(10914783, 'STSGANJIL25268728', 'SALMA PUTRI ZAHRA', 'xdkv2526', 'DKV', 'K01030098259632', 'STSGANJIL25268728', 'siswa', 1),
(10923805, 'STSGANJIL25268728', 'SALMAN HARIRI FADHURRAHMAN', 'xdkv2526', 'DKV', 'K01030098259633', 'STSGANJIL25268728', 'siswa', 1),
(10937838, 'STSGANJIL25268728', 'SALWA YULIANDA AGUSTIN', 'xdkv2526', 'DKV', 'K01030098259634', 'STSGANJIL25268728', 'siswa', 1),
(10943870, 'STSGANJIL25268728', 'SAMUEL GERALDYN', 'xdkv2526', 'DKV', 'K01030098259635', 'STSGANJIL25268728', 'siswa', 1),
(10953934, 'STSGANJIL25268728', 'STANLEY TIADY', 'xdkv2526', 'DKV', 'K01030098259636', 'STSGANJIL25268728', 'siswa', 1),
(10967844, 'STSGANJIL25268728', 'YURIEL JOVANNY JOHNSON', 'xdkv2526', 'DKV', 'K01030098259637', 'STSGANJIL25268728', 'siswa', 1),
(10979239, 'STSGANJIL25268728', 'AGNES HERLINA CHINTIA NINGRUM', 'xmplb12526', 'MPLB', 'K01030098259692', 'STSGANJIL25268728', 'siswa', 1),
(10982944, 'STSGANJIL25268728', 'AISYAH NURFADILLAH', 'xmplb12526', 'MPLB', 'K01030098259693', 'STSGANJIL25268728', 'siswa', 1),
(10996153, 'STSGANJIL25268728', 'AJENG NUR AMINAH', 'xmplb12526', 'MPLB', 'K01030098259694', 'STSGANJIL25268728', 'siswa', 1),
(11005735, 'STSGANJIL25268728', 'ALYCIA PUTRI MAHARANI', 'xmplb12526', 'MPLB', 'K01030098259695', 'STSGANJIL25268728', 'siswa', 1),
(11017605, 'STSGANJIL25268728', 'AMELIA', 'xmplb12526', 'MPLB', 'K01030098259696', 'STSGANJIL25268728', 'siswa', 1),
(11023422, 'STSGANJIL25268728', 'ANINDYA PUTRI RAMADHANI', 'xmplb12526', 'MPLB', 'K01030098259697', 'STSGANJIL25268728', 'siswa', 1),
(11034889, 'STSGANJIL25268728', 'ARSHA FIDELA AZIZI', 'xmplb12526', 'MPLB', 'K01030098259698', 'STSGANJIL25268728', 'siswa', 1),
(11042430, 'STSGANJIL25268728', 'ASYIFA OKTAVIANI', 'xmplb12526', 'MPLB', 'K01030098259699', 'STSGANJIL25268728', 'siswa', 1),
(11053371, 'STSGANJIL25268728', 'AULIA FATIH HAWA', 'xmplb12526', 'MPLB', 'K01030098259700', 'STSGANJIL25268728', 'siswa', 1),
(11062010, 'STSGANJIL25268728', 'AURELIA INTAN ELVYRYANTI', 'xmplb12526', 'MPLB', 'K01030098259701', 'STSGANJIL25268728', 'siswa', 1),
(11071165, 'STSGANJIL25268728', 'AZZAHRAH NURMUFIDAH', 'xmplb12526', 'MPLB', 'K01030098259702', 'STSGANJIL25268728', 'siswa', 1),
(11088613, 'STSGANJIL25268728', 'CALYA ADHYA PUTRI', 'xmplb12526', 'MPLB', 'K01030098259703', 'STSGANJIL25268728', 'siswa', 1),
(11098797, 'STSGANJIL25268728', 'DEFHITA JULIA CAHAYA', 'xmplb12526', 'MPLB', 'K01030098259704', 'STSGANJIL25268728', 'siswa', 1),
(11108810, 'STSGANJIL25268728', 'DINI ANGGRAINI', 'xmplb12526', 'MPLB', 'K01030098259705', 'STSGANJIL25268728', 'siswa', 1),
(11119079, 'STSGANJIL25268728', 'ELISYA JULYANA FATRICYA GULTOM', 'xmplb12526', 'MPLB', 'K01030098259706', 'STSGANJIL25268728', 'siswa', 1),
(11129696, 'STSGANJIL25268728', 'ELVIRA NANDYA PUTRI', 'xmplb12526', 'MPLB', 'K01030098259707', 'STSGANJIL25268728', 'siswa', 1),
(11137290, 'STSGANJIL25268728', 'FITRI OKTAFIANI', 'xmplb12526', 'MPLB', 'K01030098259708', 'STSGANJIL25268728', 'siswa', 1),
(11145059, 'STSGANJIL25268728', 'HAURA FARRAS RIYADI', 'xmplb12526', 'MPLB', 'K01030098259709', 'STSGANJIL25268728', 'siswa', 1),
(11151323, 'STSGANJIL25268728', 'ISHMAH', 'xmplb12526', 'MPLB', 'K01030098259710', 'STSGANJIL25268728', 'siswa', 1),
(11164289, 'STSGANJIL25268728', 'JELITA AURELLIA', 'xmplb12526', 'MPLB', 'K01030098259711', 'STSGANJIL25268728', 'siswa', 1),
(11175982, 'STSGANJIL25268728', 'JESI NADIA PUTRI', 'xmplb12526', 'MPLB', 'K01030098259712', 'STSGANJIL25268728', 'siswa', 1),
(11185864, 'STSGANJIL25268728', 'KHEYLA LUCRETIA KEMUNING', 'xmplb12526', 'MPLB', 'K01030098259713', 'STSGANJIL25268728', 'siswa', 1),
(11194433, 'STSGANJIL25268728', 'LUTFIA HEPPY SAFITRI', 'xmplb12526', 'MPLB', 'K01030098259714', 'STSGANJIL25268728', 'siswa', 1),
(11209356, 'STSGANJIL25268728', 'MALA SARI CAHYADI', 'xmplb12526', 'MPLB', 'K01030098259715', 'STSGANJIL25268728', 'siswa', 1),
(11214300, 'STSGANJIL25268728', 'MARSYA APRILIA', 'xmplb12526', 'MPLB', 'K01030098259716', 'STSGANJIL25268728', 'siswa', 1),
(11223999, 'STSGANJIL25268728', 'MEGA APRILLIA', 'xmplb12526', 'MPLB', 'K01030098259717', 'STSGANJIL25268728', 'siswa', 1),
(11233772, 'STSGANJIL25268728', 'MELISA AMANDA PUTRI', 'xmplb12526', 'MPLB', 'K01030098259718', 'STSGANJIL25268728', 'siswa', 1),
(11245214, 'STSGANJIL25268728', 'NABILA NAZWA AZAHRA', 'xmplb12526', 'MPLB', 'K01030098259719', 'STSGANJIL25268728', 'siswa', 1),
(11254068, 'STSGANJIL25268728', 'PRICILLIA INA BULU LIUNESI', 'xmplb12526', 'MPLB', 'K01030098259720', 'STSGANJIL25268728', 'siswa', 1),
(11269973, 'STSGANJIL25268728', 'PUTU DESI APRIL YANI', 'xmplb12526', 'MPLB', 'K01030098259721', 'STSGANJIL25268728', 'siswa', 1),
(11277051, 'STSGANJIL25268728', 'REVA MAYA SAPUTRI', 'xmplb12526', 'MPLB', 'K01030098259722', 'STSGANJIL25268728', 'siswa', 1),
(11281464, 'STSGANJIL25268728', 'RISTI DAMAYANTI', 'xmplb12526', 'MPLB', 'K01030098259723', 'STSGANJIL25268728', 'siswa', 1),
(11297992, 'STSGANJIL25268728', 'RIZKA RACHMANIA', 'xmplb12526', 'MPLB', 'K01030098259724', 'STSGANJIL25268728', 'siswa', 1),
(11307052, 'STSGANJIL25268728', 'ROSA MARDIANA SARI', 'xmplb12526', 'MPLB', 'K01030098259725', 'STSGANJIL25268728', 'siswa', 1),
(11317157, 'STSGANJIL25268728', 'SENA ALPIAH', 'xmplb12526', 'MPLB', 'K01030098259726', 'STSGANJIL25268728', 'siswa', 1),
(11322480, 'STSGANJIL25268728', 'SYIFA PUTRI AQIILAH', 'xmplb12526', 'MPLB', 'K01030098259727', 'STSGANJIL25268728', 'siswa', 1),
(11338233, 'STSGANJIL25268728', 'VEBY SYAFIRA', 'xmplb12526', 'MPLB', 'K01030098259728', 'STSGANJIL25268728', 'siswa', 1),
(11343289, 'STSGANJIL25268728', 'VERLITA CHANDRA', 'xmplb12526', 'MPLB', 'K01030098259729', 'STSGANJIL25268728', 'siswa', 1),
(11355905, 'STSGANJIL25268728', 'VIOLA OKTAVIANI', 'xmplb12526', 'MPLB', 'K01030098259730', 'STSGANJIL25268728', 'siswa', 1),
(11369201, 'STSGANJIL25268728', 'ANISSA GISELLA', 'xmplb12526', 'MPLB', 'K01030098254004', 'STSGANJIL25268728', 'siswa', 1),
(11371671, 'STSGANJIL25268728', 'AL\'LANIS AWALI PUTRI', 'xmplb22526', 'MPLB', 'K01030098259732', 'STSGANJIL25268728', 'siswa', 1),
(11381356, 'STSGANJIL25268728', 'ALISIA NURRIZKI', 'xmplb22526', 'MPLB', 'K01030098259733', 'STSGANJIL25268728', 'siswa', 1),
(11395393, 'STSGANJIL25268728', 'ALIYAH ALMAHIRAH', 'xmplb22526', 'MPLB', 'K01030098259734', 'STSGANJIL25268728', 'siswa', 1),
(11406644, 'STSGANJIL25268728', 'AMELIA PUTRI', 'xmplb22526', 'MPLB', 'K01030098259735', 'STSGANJIL25268728', 'siswa', 1),
(11414776, 'STSGANJIL25268728', 'ANNA ASSYFA', 'xmplb22526', 'MPLB', 'K01030098259736', 'STSGANJIL25268728', 'siswa', 1),
(11426825, 'STSGANJIL25268728', 'ARUMI NEISHYA WARDHANI', 'xmplb22526', 'MPLB', 'K01030098259737', 'STSGANJIL25268728', 'siswa', 1),
(11436729, 'STSGANJIL25268728', 'AULIA RAMADHANI', 'xmplb22526', 'MPLB', 'K01030098259738', 'STSGANJIL25268728', 'siswa', 1),
(11446109, 'STSGANJIL25268728', 'BELLA LESTARI', 'xmplb22526', 'MPLB', 'K01030098259739', 'STSGANJIL25268728', 'siswa', 1),
(11455586, 'STSGANJIL25268728', 'CALISTA ISNA AULIA', 'xmplb22526', 'MPLB', 'K01030098259740', 'STSGANJIL25268728', 'siswa', 1),
(11468852, 'STSGANJIL25268728', 'DELLA SABRINA', 'xmplb22526', 'MPLB', 'K01030098259741', 'STSGANJIL25268728', 'siswa', 1),
(11478170, 'STSGANJIL25268728', 'ESA ANGELIA', 'xmplb22526', 'MPLB', 'K01030098259742', 'STSGANJIL25268728', 'siswa', 1),
(11486957, 'STSGANJIL25268728', 'INASYA DEKA NOVIANI', 'xmplb22526', 'MPLB', 'K01030098259743', 'STSGANJIL25268728', 'siswa', 1),
(11496711, 'STSGANJIL25268728', 'JAHRA OKTAVIANI', 'xmplb22526', 'MPLB', 'K01030098259744', 'STSGANJIL25268728', 'siswa', 1),
(11501396, 'STSGANJIL25268728', 'JANISYA DINDA SOFIYUDIN', 'xmplb22526', 'MPLB', 'K01030098259745', 'STSGANJIL25268728', 'siswa', 1),
(11514977, 'STSGANJIL25268728', 'KAYLA NAURA SYAFIRA', 'xmplb22526', 'MPLB', 'K01030098259746', 'STSGANJIL25268728', 'siswa', 1),
(11524103, 'STSGANJIL25268728', 'KHIRAN KASIH RUSTANDI', 'xmplb22526', 'MPLB', 'K01030098259747', 'STSGANJIL25268728', 'siswa', 1),
(11532003, 'STSGANJIL25268728', 'MADINA HIKMA KAMELIA', 'xmplb22526', 'MPLB', 'K01030098259748', 'STSGANJIL25268728', 'siswa', 1),
(11543847, 'STSGANJIL25268728', 'MARSHA YUSNIA PUTRI', 'xmplb22526', 'MPLB', 'K01030098259749', 'STSGANJIL25268728', 'siswa', 1),
(11554366, 'STSGANJIL25268728', 'MASDINAR', 'xmplb22526', 'MPLB', 'K01030098259750', 'STSGANJIL25268728', 'siswa', 1),
(11563390, 'STSGANJIL25268728', 'MISKAH KHOIRUNISA BANI', 'xmplb22526', 'MPLB', 'K01030098259751', 'STSGANJIL25268728', 'siswa', 1),
(11576385, 'STSGANJIL25268728', 'NADINE ZAHRATUNNISSA ARIYANDI', 'xmplb22526', 'MPLB', 'K01030098259752', 'STSGANJIL25268728', 'siswa', 1),
(11588804, 'STSGANJIL25268728', 'NAFIDZAH SURIDA', 'xmplb22526', 'MPLB', 'K01030098259753', 'STSGANJIL25268728', 'siswa', 1),
(11591504, 'STSGANJIL25268728', 'NAYLA RIFAYA SYAHIRA', 'xmplb22526', 'MPLB', 'K01030098259754', 'STSGANJIL25268728', 'siswa', 1),
(11605688, 'STSGANJIL25268728', 'PUTRI EKA OKTAPIANA', 'xmplb22526', 'MPLB', 'K01030098259755', 'STSGANJIL25268728', 'siswa', 1),
(11612157, 'STSGANJIL25268728', 'RAHAYU CONDRO WATI', 'xmplb22526', 'MPLB', 'K01030098259756', 'STSGANJIL25268728', 'siswa', 1),
(11624607, 'STSGANJIL25268728', 'RATU VALLENCYA ENOSA', 'xmplb22526', 'MPLB', 'K01030098259757', 'STSGANJIL25268728', 'siswa', 1),
(11632099, 'STSGANJIL25268728', 'REGITA SALSA AULIA', 'xmplb22526', 'MPLB', 'K01030098259758', 'STSGANJIL25268728', 'siswa', 1),
(11646389, 'STSGANJIL25268728', 'RINDY OLIVIA', 'xmplb22526', 'MPLB', 'K01030098259759', 'STSGANJIL25268728', 'siswa', 1),
(11655935, 'STSGANJIL25268728', 'RISKA INDRIYANI', 'xmplb22526', 'MPLB', 'K01030098259760', 'STSGANJIL25268728', 'siswa', 1),
(11668841, 'STSGANJIL25268728', 'SEVIA SAFITRI', 'xmplb22526', 'MPLB', 'K01030098259761', 'STSGANJIL25268728', 'siswa', 1),
(11673074, 'STSGANJIL25268728', 'SHELLA HANDINI', 'xmplb22526', 'MPLB', 'K01030098259762', 'STSGANJIL25268728', 'siswa', 1),
(11689497, 'STSGANJIL25268728', 'SHIFA FITRI RAMADHANI', 'xmplb22526', 'MPLB', 'K01030098259763', 'STSGANJIL25268728', 'siswa', 1),
(11691428, 'STSGANJIL25268728', 'SITI HARDIYATI', 'xmplb22526', 'MPLB', 'K01030098259764', 'STSGANJIL25268728', 'siswa', 1),
(11708058, 'STSGANJIL25268728', 'SITI NUR AINI JULIA', 'xmplb22526', 'MPLB', 'K01030098259765', 'STSGANJIL25268728', 'siswa', 1),
(11718061, 'STSGANJIL25268728', 'VANESSA DAMAYANTI', 'xmplb22526', 'MPLB', 'K01030098259766', 'STSGANJIL25268728', 'siswa', 1),
(11727207, 'STSGANJIL25268728', 'VANNEZIA JAYANTO', 'xmplb22526', 'MPLB', 'K01030098259767', 'STSGANJIL25268728', 'siswa', 1),
(11737559, 'STSGANJIL25268728', 'WIDI ASRI STIANINGRUM', 'xmplb22526', 'MPLB', 'K01030098259768', 'STSGANJIL25268728', 'siswa', 1),
(11749240, 'STSGANJIL25268728', 'YULIS APRILIA', 'xmplb22526', 'MPLB', 'K01030098259769', 'STSGANJIL25268728', 'siswa', 1),
(11751539, 'STSGANJIL25268728', 'ZAHRA CARISSA IRAWAN', 'xmplb22526', 'MPLB', 'K01030098259770', 'STSGANJIL25268728', 'siswa', 1),
(11765663, 'STSGANJIL25268728', 'ZASKIA IRMAULIA', 'xmplb22526', 'MPLB', 'K01030098259771', 'STSGANJIL25268728', 'siswa', 1),
(11775551, 'STSGANJIL25268728', 'MUHAMAD ILHAM', 'xpm2526', 'PM', 'K01030098259813', 'STSGANJIL25268728', 'siswa', 1),
(11785885, 'STSGANJIL25268728', 'ADITIYA RISKI ANTONI', 'xpm2526', 'PM', 'K01030098259772', 'STSGANJIL25268728', 'siswa', 1),
(11793047, 'STSGANJIL25268728', 'AL FAIZA RIDHIK FA\'ADILLAH', 'xpm2526', 'PM', 'K01030098259773', 'STSGANJIL25268728', 'siswa', 1),
(11809082, 'STSGANJIL25268728', 'ALFINO SUHANDI', 'xpm2526', 'PM', 'K01030098259774', 'STSGANJIL25268728', 'siswa', 1),
(11815328, 'STSGANJIL25268728', 'DINDA LEUSTARI', 'xpm2526', 'PM', 'K01030098259775', 'STSGANJIL25268728', 'siswa', 1),
(11827429, 'STSGANJIL25268728', 'DWI ADJIE SAPUTRA', 'xpm2526', 'PM', 'K01030098251001', 'STSGANJIL25268728', 'siswa', 1),
(11834171, 'STSGANJIL25268728', 'ERLAND JAUZA AL YUSRO', 'xpm2526', 'PM', 'K01030098259777', 'STSGANJIL25268728', 'siswa', 1),
(11846517, 'STSGANJIL25268728', 'FAIS SYAHIDAN', 'xpm2526', 'PM', 'K01030098259778', 'STSGANJIL25268728', 'siswa', 1),
(11853918, 'STSGANJIL25268728', 'FAJAR DWI SAPUTRA', 'xpm2526', 'PM', 'K01030098259779', 'STSGANJIL25268728', 'siswa', 1),
(11862577, 'STSGANJIL25268728', 'FAJRI IRDIANSYAH', 'xpm2526', 'PM', 'K01030098259780', 'STSGANJIL25268728', 'siswa', 1),
(11876919, 'STSGANJIL25268728', 'FATHONI FEBRIANTO', 'xpm2526', 'PM', 'K01030098259781', 'STSGANJIL25268728', 'siswa', 1),
(11887149, 'STSGANJIL25268728', 'FATIH ALTAF', 'xpm2526', 'PM', 'K01030098259782', 'STSGANJIL25268728', 'siswa', 1),
(11893300, 'STSGANJIL25268728', 'IKHWAL SAPUTRA', 'xpm2526', 'PM', 'K01030098259783', 'STSGANJIL25268728', 'siswa', 1),
(11908100, 'STSGANJIL25268728', 'JALALLUDIN AL AFGHANI', 'xpm2526', 'PM', 'K01030098259784', 'STSGANJIL25268728', 'siswa', 1),
(11911868, 'STSGANJIL25268728', 'KEYSHA ALTHAFUNISA', 'xpm2526', 'PM', 'K01030098259785', 'STSGANJIL25268728', 'siswa', 1),
(11927652, 'STSGANJIL25268728', 'KEYZA NIRWANDA', 'xpm2526', 'PM', 'K01030098259786', 'STSGANJIL25268728', 'siswa', 1),
(11931214, 'STSGANJIL25268728', 'LEON ZILKY', 'xpm2526', 'PM', 'K01030098259787', 'STSGANJIL25268728', 'siswa', 1),
(11943537, 'STSGANJIL25268728', 'MANDA PIRMANSAH', 'xpm2526', 'PM', 'K01030098259788', 'STSGANJIL25268728', 'siswa', 1),
(11951851, 'STSGANJIL25268728', 'MARCELL', 'xpm2526', 'PM', 'K01030098259789', 'STSGANJIL25268728', 'siswa', 1),
(11968019, 'STSGANJIL25268728', 'MAULANA ABDY NEGARA', 'xpm2526', 'PM', 'K01030098259790', 'STSGANJIL25268728', 'siswa', 1),
(11979479, 'STSGANJIL25268728', 'MICHEL ANGELINA', 'xpm2526', 'PM', 'K01030098259791', 'STSGANJIL25268728', 'siswa', 1),
(11986532, 'STSGANJIL25268728', 'MUHAMAD SUPARNA', 'xpm2526', 'PM', 'K01030098259792', 'STSGANJIL25268728', 'siswa', 1),
(11993724, 'STSGANJIL25268728', 'NIRMALA DAHAYU HAIBAH VEDA', 'xpm2526', 'PM', 'K01030098259793', 'STSGANJIL25268728', 'siswa', 1),
(12009253, 'STSGANJIL25268728', 'NOVA DWIYANTI', 'xpm2526', 'PM', 'K01030098259794', 'STSGANJIL25268728', 'siswa', 1),
(12016227, 'STSGANJIL25268728', 'NOVAL ARMANSYAH', 'xpm2526', 'PM', 'K01030098259795', 'STSGANJIL25268728', 'siswa', 1),
(12025553, 'STSGANJIL25268728', 'NUR FAUZIAH', 'xpm2526', 'PM', 'K01030098259796', 'STSGANJIL25268728', 'siswa', 1),
(12036541, 'STSGANJIL25268728', 'NUR RAHMAWATI', 'xpm2526', 'PM', 'K01030098259797', 'STSGANJIL25268728', 'siswa', 1),
(12049741, 'STSGANJIL25268728', 'RAHMA AULIA', 'xpm2526', 'PM', 'K01030098259798', 'STSGANJIL25268728', 'siswa', 1),
(12057709, 'STSGANJIL25268728', 'RAZQA RAMADHAN', 'xpm2526', 'PM', 'K01030098259799', 'STSGANJIL25268728', 'siswa', 1),
(12068823, 'STSGANJIL25268728', 'RENO PANCA PUTRANTO', 'xpm2526', 'PM', 'K01030098259800', 'STSGANJIL25268728', 'siswa', 1),
(12073246, 'STSGANJIL25268728', 'REYHAN AL JIKRI', 'xpm2526', 'PM', 'K01030098259801', 'STSGANJIL25268728', 'siswa', 1),
(12085253, 'STSGANJIL25268728', 'RIVAI ALVARIZKY', 'xpm2526', 'PM', 'K01030098259802', 'STSGANJIL25268728', 'siswa', 1),
(12097705, 'STSGANJIL25268728', 'RIYAN ALDI', 'xpm2526', 'PM', 'K01030098259803', 'STSGANJIL25268728', 'siswa', 1),
(12104441, 'STSGANJIL25268728', 'RORO AJENG', 'xpm2526', 'PM', 'K01030098259804', 'STSGANJIL25268728', 'siswa', 1),
(12114546, 'STSGANJIL25268728', 'SEBASTIAN IKHSAN HARUN', 'xpm2526', 'PM', 'K01030098259805', 'STSGANJIL25268728', 'siswa', 1),
(12127225, 'STSGANJIL25268728', 'SYLVIANA PUTRI RAMADHANI', 'xpm2526', 'PM', 'K01030098259806', 'STSGANJIL25268728', 'siswa', 1),
(12132571, 'STSGANJIL25268728', 'TASYA SEPTIANI', 'xpm2526', 'PM', 'K01030098259807', 'STSGANJIL25268728', 'siswa', 1),
(12146291, 'STSGANJIL25268728', 'VALDO IMMANUEL', 'xpm2526', 'PM', 'K01030098259808', 'STSGANJIL25268728', 'siswa', 1),
(12158033, 'STSGANJIL25268728', 'VIZZA JUNIKE ELIZA', 'xpm2526', 'PM', 'K01030098259809', 'STSGANJIL25268728', 'siswa', 1),
(12165727, 'STSGANJIL25268728', 'ALDIEN ACHMAD KAMALUDIN', 'xtjkt12526', 'TJKT', 'K01030098259434', 'STSGANJIL25268728', 'siswa', 1),
(12173439, 'STSGANJIL25268728', 'ANDIKA GINARIS SAPUTRA', 'xtjkt12526', 'TJKT', 'K01030098259435', 'STSGANJIL25268728', 'siswa', 1),
(12185650, 'STSGANJIL25268728', 'ARIF ADI MAESA PUTRA', 'xtjkt12526', 'TJKT', 'K01030098259436', 'STSGANJIL25268728', 'siswa', 1),
(12192605, 'STSGANJIL25268728', 'ARYO SEPTIAN', 'xtjkt12526', 'TJKT', 'K01030098259437', 'STSGANJIL25268728', 'siswa', 1),
(12203439, 'STSGANJIL25268728', 'BAYU SAPUTRA', 'xtjkt12526', 'TJKT', 'K01030098259438', 'STSGANJIL25268728', 'siswa', 1),
(12218503, 'STSGANJIL25268728', 'BREVILEND VANDERLIP', 'xtjkt12526', 'TJKT', 'K01030098259439', 'STSGANJIL25268728', 'siswa', 1),
(12227269, 'STSGANJIL25268728', 'DAVI ALBANI ALFA REZA', 'xtjkt12526', 'TJKT', 'K01030098259440', 'STSGANJIL25268728', 'siswa', 1),
(12233019, 'STSGANJIL25268728', 'DENIS ADI SAPUTRA', 'xtjkt12526', 'TJKT', 'K01030098259441', 'STSGANJIL25268728', 'siswa', 1),
(12245899, 'STSGANJIL25268728', 'DEO DWI HARDIYANINGTYAS', 'xtjkt12526', 'TJKT', 'K01030098259442', 'STSGANJIL25268728', 'siswa', 1),
(12252241, 'STSGANJIL25268728', 'FAIZ AR-RAHMAN QURRATA\'AIN', 'xtjkt12526', 'TJKT', 'K01030098259443', 'STSGANJIL25268728', 'siswa', 1),
(12267647, 'STSGANJIL25268728', 'FANDY PRATAMA', 'xtjkt12526', 'TJKT', 'K01030098259444', 'STSGANJIL25268728', 'siswa', 1),
(12273762, 'STSGANJIL25268728', 'FARIZ FERDIANSYAH', 'xtjkt12526', 'TJKT', 'K01030098259445', 'STSGANJIL25268728', 'siswa', 1),
(12282777, 'STSGANJIL25268728', 'FEBI ALAHAD', 'xtjkt12526', 'TJKT', 'K01030098259446', 'STSGANJIL25268728', 'siswa', 1),
(12291566, 'STSGANJIL25268728', 'HAFY MAESA SYAKIB', 'xtjkt12526', 'TJKT', 'K01030098259447', 'STSGANJIL25268728', 'siswa', 1),
(12306847, 'STSGANJIL25268728', 'HARLAN FADILLAH', 'xtjkt12526', 'TJKT', 'K01030098259448', 'STSGANJIL25268728', 'siswa', 1),
(12315278, 'STSGANJIL25268728', 'ILHAM BINTANG WIBOWO', 'xtjkt12526', 'TJKT', 'K01030098259449', 'STSGANJIL25268728', 'siswa', 1),
(12328658, 'STSGANJIL25268728', 'JINGGA VITA SUHENDRA', 'xtjkt12526', 'TJKT', 'K01030098259450', 'STSGANJIL25268728', 'siswa', 1),
(12335900, 'STSGANJIL25268728', 'KADEK JIWA SAPUTRA', 'xtjkt12526', 'TJKT', 'K01030098259451', 'STSGANJIL25268728', 'siswa', 1),
(12346893, 'STSGANJIL25268728', 'LIONEL RIFQI CHANDRA', 'xtjkt12526', 'TJKT', 'K01030098259452', 'STSGANJIL25268728', 'siswa', 1),
(12352444, 'STSGANJIL25268728', 'LUCKY PRIYANTO', 'xtjkt12526', 'TJKT', 'K01030098259453', 'STSGANJIL25268728', 'siswa', 1),
(12364116, 'STSGANJIL25268728', 'MAULANA EKA PRATAMA', 'xtjkt12526', 'TJKT', 'K01030098259454', 'STSGANJIL25268728', 'siswa', 1),
(12377849, 'STSGANJIL25268728', 'MUHAMAD ALFARIZZI', 'xtjkt12526', 'TJKT', 'K01030098259455', 'STSGANJIL25268728', 'siswa', 1),
(12389429, 'STSGANJIL25268728', 'MUHAMAD ARYA WIGUNA', 'xtjkt12526', 'TJKT', 'K01030098259456', 'STSGANJIL25268728', 'siswa', 1),
(12391706, 'STSGANJIL25268728', 'MUHAMAD TRI SAEPUDIN', 'xtjkt12526', 'TJKT', 'K01030098259457', 'STSGANJIL25268728', 'siswa', 1),
(12402834, 'STSGANJIL25268728', 'MUHAMMAD ALFIAN', 'xtjkt12526', 'TJKT', 'K01030098259458', 'STSGANJIL25268728', 'siswa', 1),
(12417791, 'STSGANJIL25268728', 'MUHAMMAD FAHRI RAMADHAN', 'xtjkt12526', 'TJKT', 'K01030098259459', 'STSGANJIL25268728', 'siswa', 1),
(12421580, 'STSGANJIL25268728', 'MUHAMMAD IQBAL', 'xtjkt12526', 'TJKT', 'K01030098259460', 'STSGANJIL25268728', 'siswa', 1),
(12435549, 'STSGANJIL25268728', 'MUHAMMAD REYZHA ARRASYID', 'xtjkt12526', 'TJKT', 'K01030098259461', 'STSGANJIL25268728', 'siswa', 1),
(12447076, 'STSGANJIL25268728', 'MUHAMMAD RIZQY FIRMANSAH', 'xtjkt12526', 'TJKT', 'K01030098259462', 'STSGANJIL25268728', 'siswa', 1),
(12453800, 'STSGANJIL25268728', 'NAUFAL GUNAWAN', 'xtjkt12526', 'TJKT', 'K01030098259463', 'STSGANJIL25268728', 'siswa', 1),
(12466093, 'STSGANJIL25268728', 'PANDU MULIA HERDIAN', 'xtjkt12526', 'TJKT', 'K01030098259464', 'STSGANJIL25268728', 'siswa', 1),
(12473341, 'STSGANJIL25268728', 'RADIT ABDULATIP', 'xtjkt12526', 'TJKT', 'K01030098259465', 'STSGANJIL25268728', 'siswa', 1),
(12487168, 'STSGANJIL25268728', 'RASYAH PUTRA RAMADHAN', 'xtjkt12526', 'TJKT', 'K01030098259466', 'STSGANJIL25268728', 'siswa', 1),
(12494452, 'STSGANJIL25268728', 'REVALDO GUNAWAN', 'xtjkt12526', 'TJKT', 'K01030098259467', 'STSGANJIL25268728', 'siswa', 1),
(12502561, 'STSGANJIL25268728', 'RIFKI FIRMANSYAH', 'xtjkt12526', 'TJKT', 'K01030098259468', 'STSGANJIL25268728', 'siswa', 1),
(12512805, 'STSGANJIL25268728', 'RIZKY ADI SAPUTRO', 'xtjkt12526', 'TJKT', 'K01030098259469', 'STSGANJIL25268728', 'siswa', 1),
(12524639, 'STSGANJIL25268728', 'SUKIRAN', 'xtjkt12526', 'TJKT', 'K01030098259470', 'STSGANJIL25268728', 'siswa', 1),
(12537702, 'STSGANJIL25268728', 'TEGAR SAPUTRA', 'xtjkt12526', 'TJKT', 'K01030098259471', 'STSGANJIL25268728', 'siswa', 1),
(12547432, 'STSGANJIL25268728', 'YOPIE EVA NASTALIA', 'xtjkt12526', 'TJKT', 'K01030098259472', 'STSGANJIL25268728', 'siswa', 1),
(12551350, 'STSGANJIL25268728', 'ZIO VEGAS', 'xtjkt12526', 'TJKT', 'K01030098259473', 'STSGANJIL25268728', 'siswa', 1),
(12563267, 'STSGANJIL25268728', 'AHMAD RHOZAK', 'xtjkt22526', 'TJKT', 'K01030098259474', 'STSGANJIL25268728', 'siswa', 1),
(12577711, 'STSGANJIL25268728', 'AL HABIB HANAFI', 'xtjkt22526', 'TJKT', 'K01030098259475', 'STSGANJIL25268728', 'siswa', 1),
(12582759, 'STSGANJIL25268728', 'ANDHIKA BAGUS HARIADI', 'xtjkt22526', 'TJKT', 'K01030098259476', 'STSGANJIL25268728', 'siswa', 1),
(12594707, 'STSGANJIL25268728', 'ANDRY FAIRUZ', 'xtjkt22526', 'TJKT', 'K01030098259477', 'STSGANJIL25268728', 'siswa', 1),
(12606198, 'STSGANJIL25268728', 'ARAFFI PUTRA PRATAMA', 'xtjkt22526', 'TJKT', 'K01030098259478', 'STSGANJIL25268728', 'siswa', 1),
(12614135, 'STSGANJIL25268728', 'ARDAN GAZA AIDIN', 'xtjkt22526', 'TJKT', 'K01030098259479', 'STSGANJIL25268728', 'siswa', 1),
(12629786, 'STSGANJIL25268728', 'ARYA BINADI', 'xtjkt22526', 'TJKT', 'K01030098259480', 'STSGANJIL25268728', 'siswa', 1),
(12637493, 'STSGANJIL25268728', 'BAGAS NUR AFIAN', 'xtjkt22526', 'TJKT', 'K01030098259481', 'STSGANJIL25268728', 'siswa', 1),
(12645645, 'STSGANJIL25268728', 'CHAIRUL DARMAWAN', 'xtjkt22526', 'TJKT', 'K01030098259482', 'STSGANJIL25268728', 'siswa', 1),
(12657392, 'STSGANJIL25268728', 'DAVA SETIAWAN', 'xtjkt22526', 'TJKT', 'K01030098259483', 'STSGANJIL25268728', 'siswa', 1),
(12669412, 'STSGANJIL25268728', 'DHANI LAKSONO', 'xtjkt22526', 'TJKT', 'K01030098259484', 'STSGANJIL25268728', 'siswa', 1),
(12677291, 'STSGANJIL25268728', 'DIMAS WIBIAN WICAKSONO', 'xtjkt22526', 'TJKT', 'K01030098259485', 'STSGANJIL25268728', 'siswa', 1),
(12684057, 'STSGANJIL25268728', 'DYLAND PRIZKI RAMADHAN', 'xtjkt22526', 'TJKT', 'K01030098259486', 'STSGANJIL25268728', 'siswa', 1),
(12691278, 'STSGANJIL25268728', 'FACHRY NAZARI SYAHPUTRA', 'xtjkt22526', 'TJKT', 'K01030098259487', 'STSGANJIL25268728', 'siswa', 1),
(12702622, 'STSGANJIL25268728', 'FAIZAR OKTA FEBRIYANTO', 'xtjkt22526', 'TJKT', 'K01030098259488', 'STSGANJIL25268728', 'siswa', 1),
(12717377, 'STSGANJIL25268728', 'FAJAR RIZKY SETIAWAN', 'xtjkt22526', 'TJKT', 'K01030098259489', 'STSGANJIL25268728', 'siswa', 1),
(12727155, 'STSGANJIL25268728', 'FAREL AFRIANSYAH', 'xtjkt22526', 'TJKT', 'K01030098259490', 'STSGANJIL25268728', 'siswa', 1),
(12738009, 'STSGANJIL25268728', 'FATUR ARDIANSYAH', 'xtjkt22526', 'TJKT', 'K01030098259491', 'STSGANJIL25268728', 'siswa', 1),
(12745276, 'STSGANJIL25268728', 'GILANG SATRIYADI', 'xtjkt22526', 'TJKT', 'K01030098259492', 'STSGANJIL25268728', 'siswa', 1),
(12759943, 'STSGANJIL25268728', 'HAPID ROJALI', 'xtjkt22526', 'TJKT', 'K01030098259493', 'STSGANJIL25268728', 'siswa', 1),
(12769712, 'STSGANJIL25268728', 'HERLANGGA PRATAMA', 'xtjkt22526', 'TJKT', 'K01030098259494', 'STSGANJIL25268728', 'siswa', 1),
(12773159, 'STSGANJIL25268728', 'LEXZA RAYHAN MAULANA', 'xtjkt22526', 'TJKT', 'K01030098259495', 'STSGANJIL25268728', 'siswa', 1),
(12788864, 'STSGANJIL25268728', 'MUHAMAD FADILLAH', 'xtjkt22526', 'TJKT', 'K01030098259497', 'STSGANJIL25268728', 'siswa', 1),
(12793177, 'STSGANJIL25268728', 'MUHAMAD RIZKY ANDREZA', 'xtjkt22526', 'TJKT', 'K01030098259498', 'STSGANJIL25268728', 'siswa', 1),
(12801216, 'STSGANJIL25268728', 'MUHAMMAD AFZAAL ABDUR RAUF', 'xtjkt22526', 'TJKT', 'K01030098259499', 'STSGANJIL25268728', 'siswa', 1),
(12819614, 'STSGANJIL25268728', 'MUHAMMAD ALFADJAR', 'xtjkt22526', 'TJKT', 'K01030098259500', 'STSGANJIL25268728', 'siswa', 1),
(12826200, 'STSGANJIL25268728', 'MUHAMMAD ARYA SUTA', 'xtjkt22526', 'TJKT', 'K01030098259496', 'STSGANJIL25268728', 'siswa', 1),
(12838880, 'STSGANJIL25268728', 'MUHAMMAD DAFA KHOBIRRUDIN', 'xtjkt22526', 'TJKT', 'K01030098259501', 'STSGANJIL25268728', 'siswa', 1),
(12848692, 'STSGANJIL25268728', 'MUHAMMAD GHIYATS YUDIS PRAKOSO', 'xtjkt22526', 'TJKT', 'K01030098259502', 'STSGANJIL25268728', 'siswa', 1),
(12859384, 'STSGANJIL25268728', 'MUHAMMAD ZAIDAN RAMADHANI', 'xtjkt22526', 'TJKT', 'K01030098259503', 'STSGANJIL25268728', 'siswa', 1),
(12865646, 'STSGANJIL25268728', 'NAUFAL MAULANA SAKTI', 'xtjkt22526', 'TJKT', 'K01030098259504', 'STSGANJIL25268728', 'siswa', 1),
(12878988, 'STSGANJIL25268728', 'RADJA BINTANG', 'xtjkt22526', 'TJKT', 'K01030098259505', 'STSGANJIL25268728', 'siswa', 1),
(12881676, 'STSGANJIL25268728', 'RAFA BENZEMA', 'xtjkt22526', 'TJKT', 'K01030098259506', 'STSGANJIL25268728', 'siswa', 1),
(12898764, 'STSGANJIL25268728', 'REZKY AKBAR', 'xtjkt22526', 'TJKT', 'K01030098259507', 'STSGANJIL25268728', 'siswa', 1),
(12908095, 'STSGANJIL25268728', 'RIALDY FIRMANSYAH', 'xtjkt22526', 'TJKT', 'K01030098259508', 'STSGANJIL25268728', 'siswa', 1),
(12918367, 'STSGANJIL25268728', 'RIZKI RAMDANI SAPUTRA', 'xtjkt22526', 'TJKT', 'K01030098259509', 'STSGANJIL25268728', 'siswa', 1),
(12923602, 'STSGANJIL25268728', 'SAPUTRA RHESTU SINGGIH', 'xtjkt22526', 'TJKT', 'K01030098259510', 'STSGANJIL25268728', 'siswa', 1),
(12935662, 'STSGANJIL25268728', 'SATRIA NUR RIZKI', 'xtjkt22526', 'TJKT', 'K01030098259511', 'STSGANJIL25268728', 'siswa', 1),
(12943728, 'STSGANJIL25268728', 'UWLULL AL BABB', 'xtjkt22526', 'TJKT', 'K01030098259512', 'STSGANJIL25268728', 'siswa', 1),
(12958424, 'STSGANJIL25268728', 'WENDI ALFFIAN', 'xtjkt22526', 'TJKT', 'K01030098259513', 'STSGANJIL25268728', 'siswa', 1),
(12963238, 'STSGANJIL25268728', 'ABYAN FAIZ RABBANI', 'xtjkt32526', 'TJKT', 'K01030098259515', 'STSGANJIL25268728', 'siswa', 1),
(12976690, 'STSGANJIL25268728', 'ADI FIRANSYAH', 'xtjkt32526', 'TJKT', 'K01030098259514', 'STSGANJIL25268728', 'siswa', 1),
(12981281, 'STSGANJIL25268728', 'AHMAD SUBECHTI', 'xtjkt32526', 'TJKT', 'K01030098259516', 'STSGANJIL25268728', 'siswa', 1),
(12993001, 'STSGANJIL25268728', 'AKBAR FIKRIYANSYAH', 'xtjkt32526', 'TJKT', 'K01030098259517', 'STSGANJIL25268728', 'siswa', 1),
(13008487, 'STSGANJIL25268728', 'ALFIAN', 'xtjkt32526', 'TJKT', 'K01030098259518', 'STSGANJIL25268728', 'siswa', 1),
(13016657, 'STSGANJIL25268728', 'ARDIANSYAH DIMAS SETYONO', 'xtjkt32526', 'TJKT', 'K01030098259519', 'STSGANJIL25268728', 'siswa', 1),
(13024202, 'STSGANJIL25268728', 'AZAM FAHREZI', 'xtjkt32526', 'TJKT', 'K01030098259520', 'STSGANJIL25268728', 'siswa', 1),
(13039342, 'STSGANJIL25268728', 'BAGAS PIRMAN SYAH', 'xtjkt32526', 'TJKT', 'K01030098259521', 'STSGANJIL25268728', 'siswa', 1),
(13042723, 'STSGANJIL25268728', 'BAYU SAGARA', 'xtjkt32526', 'TJKT', 'K01030098259522', 'STSGANJIL25268728', 'siswa', 1),
(13056505, 'STSGANJIL25268728', 'CHIKO IRGI FAHREZI', 'xtjkt32526', 'TJKT', 'K01030098259523', 'STSGANJIL25268728', 'siswa', 1),
(13066356, 'STSGANJIL25268728', 'DEVAN SURYA PRATAMA', 'xtjkt32526', 'TJKT', 'K01030098259524', 'STSGANJIL25268728', 'siswa', 1),
(13075916, 'STSGANJIL25268728', 'DIAS LESMANA', 'xtjkt32526', 'TJKT', 'K01030098259525', 'STSGANJIL25268728', 'siswa', 1),
(13089834, 'STSGANJIL25268728', 'DIMAS ADITYA', 'xtjkt32526', 'TJKT', 'K01030098259526', 'STSGANJIL25268728', 'siswa', 1),
(13098327, 'STSGANJIL25268728', 'FAHRI JAMIL AL MUSTHOFA', 'xtjkt32526', 'TJKT', 'K01030098259527', 'STSGANJIL25268728', 'siswa', 1),
(13107126, 'STSGANJIL25268728', 'FAIZ ERLANGGA', 'xtjkt32526', 'TJKT', 'K01030098259528', 'STSGANJIL25268728', 'siswa', 1),
(13116925, 'STSGANJIL25268728', 'FAJAR SIDDIQ AL-HAQI', 'xtjkt32526', 'TJKT', 'K01030098259529', 'STSGANJIL25268728', 'siswa', 1),
(13124073, 'STSGANJIL25268728', 'FAREL YUFEN HANDIKA', 'xtjkt32526', 'TJKT', 'K01030098259530', 'STSGANJIL25268728', 'siswa', 1),
(13137171, 'STSGANJIL25268728', 'FARRIS NUQ ARYANTO', 'xtjkt32526', 'TJKT', 'K01030098259531', 'STSGANJIL25268728', 'siswa', 1),
(13141512, 'STSGANJIL25268728', 'HIKMAL JALALUDIN', 'xtjkt32526', 'TJKT', 'K01030098259532', 'STSGANJIL25268728', 'siswa', 1),
(13155433, 'STSGANJIL25268728', 'MAIKEL JUMAKILIN', 'xtjkt32526', 'TJKT', 'K01030098259533', 'STSGANJIL25268728', 'siswa', 1),
(13169767, 'STSGANJIL25268728', 'MUCHAMMAD IFAN APRIAN', 'xtjkt32526', 'TJKT', 'K01030098259538', 'STSGANJIL25268728', 'siswa', 1),
(13174637, 'STSGANJIL25268728', 'MUHAMMAD ADLI JUNAIDI', 'xtjkt32526', 'TJKT', 'K01030098259534', 'STSGANJIL25268728', 'siswa', 1),
(13182458, 'STSGANJIL25268728', 'MUHAMMAD FADLI', 'xtjkt32526', 'TJKT', 'K01030098259535', 'STSGANJIL25268728', 'siswa', 1),
(13195752, 'STSGANJIL25268728', 'MUHAMMAD FAHRI', 'xtjkt32526', 'TJKT', 'K01030098259536', 'STSGANJIL25268728', 'siswa', 1),
(13204111, 'STSGANJIL25268728', 'MUHAMMAD HASBI KHAIRUL UZZA', 'xtjkt32526', 'TJKT', 'K01030098259537', 'STSGANJIL25268728', 'siswa', 1),
(13212808, 'STSGANJIL25268728', 'MUHAMMAD NURULLOH', 'xtjkt32526', 'TJKT', 'K01030098259539', 'STSGANJIL25268728', 'siswa', 1),
(13223158, 'STSGANJIL25268728', 'MUHAMMAD RIZKY SUDRAJAT', 'xtjkt32526', 'TJKT', 'K01030098259540', 'STSGANJIL25268728', 'siswa', 1),
(13231949, 'STSGANJIL25268728', 'MUHAMMAD ZIDAN MUZAKKY', 'xtjkt32526', 'TJKT', 'K01030098259541', 'STSGANJIL25268728', 'siswa', 1),
(13241258, 'STSGANJIL25268728', 'MUKHROFI RIZQI AZIDAN', 'xtjkt32526', 'TJKT', 'K01030098259542', 'STSGANJIL25268728', 'siswa', 1),
(13257103, 'STSGANJIL25268728', 'NAUFAL NAHRUL ILMI', 'xtjkt32526', 'TJKT', 'K01030098259543', 'STSGANJIL25268728', 'siswa', 1),
(13263538, 'STSGANJIL25268728', 'NUR ILHAM RAMADHAN', 'xtjkt32526', 'TJKT', 'K01030098259544', 'STSGANJIL25268728', 'siswa', 1),
(13271191, 'STSGANJIL25268728', 'PUTRA PATRIANSYAH', 'xtjkt32526', 'TJKT', 'K01030098259545', 'STSGANJIL25268728', 'siswa', 1),
(13284182, 'STSGANJIL25268728', 'RADITYA ARDACANDRA CHRYSNAN', 'xtjkt32526', 'TJKT', 'K01030098259546', 'STSGANJIL25268728', 'siswa', 1),
(13291168, 'STSGANJIL25268728', 'RAHMA DINATA', 'xtjkt32526', 'TJKT', 'K01030098259548', 'STSGANJIL25268728', 'siswa', 1),
(13302236, 'STSGANJIL25268728', 'REZKY QIHAYAT SHAPUTRA', 'xtjkt32526', 'TJKT', 'K01030098259549', 'STSGANJIL25268728', 'siswa', 1),
(13316397, 'STSGANJIL25268728', 'RHAFA RHAMMADHAN', 'xtjkt32526', 'TJKT', 'K01030098259547', 'STSGANJIL25268728', 'siswa', 1),
(13329811, 'STSGANJIL25268728', 'RIZKY SURYA PRANATA', 'xtjkt32526', 'TJKT', 'K01030098259550', 'STSGANJIL25268728', 'siswa', 1),
(13337294, 'STSGANJIL25268728', 'ROY FAJRIANSYAH', 'xtjkt32526', 'TJKT', 'K01030098259551', 'STSGANJIL25268728', 'siswa', 1),
(13342308, 'STSGANJIL25268728', 'SUTAN ALFATIH', 'xtjkt32526', 'TJKT', 'K01030098259552', 'STSGANJIL25268728', 'siswa', 1),
(13357399, 'STSGANJIL25268728', 'WIGA TAMA PUTRA', 'xtjkt32526', 'TJKT', 'K01030098259553', 'STSGANJIL25268728', 'siswa', 1),
(13366617, 'STSGANJIL25268728', 'WILLIAN CHANDRA', 'xtjkt32526', 'TJKT', 'K01030098259554', 'STSGANJIL25268728', 'siswa', 1),
(13377553, 'STSGANJIL25268728', 'ZAKARIA PUTRA', 'xtjkt32526', 'TJKT', 'K01030098259555', 'STSGANJIL25268728', 'siswa', 1),
(13382172, 'STSGANJIL25268728', 'ABIEM RAJIEB PANGESTU', 'xtjkt42526', 'TJKT', 'K01030098259556', 'STSGANJIL25268728', 'siswa', 1),
(13398368, 'STSGANJIL25268728', 'AGIFA RAKHA FAIRUZ', 'xtjkt42526', 'TJKT', 'K01030098259557', 'STSGANJIL25268728', 'siswa', 1),
(13401334, 'STSGANJIL25268728', 'AHMAD JUANATA RAFIF SYAH', 'xtjkt42526', 'TJKT', 'K01030098259558', 'STSGANJIL25268728', 'siswa', 1),
(13415188, 'STSGANJIL25268728', 'ALFARIZI NURRAHMANSYAH', 'xtjkt42526', 'TJKT', 'K01030098259559', 'STSGANJIL25268728', 'siswa', 1),
(13423686, 'STSGANJIL25268728', 'BAGAS ANUR PARIJI', 'xtjkt42526', 'TJKT', 'K01030098259560', 'STSGANJIL25268728', 'siswa', 1),
(13434509, 'STSGANJIL25268728', 'CHANDRA PERMANA', 'xtjkt42526', 'TJKT', 'K01030098259561', 'STSGANJIL25268728', 'siswa', 1),
(13449030, 'STSGANJIL25268728', 'DHANU MURTADHA', 'xtjkt42526', 'TJKT', 'K01030098259562', 'STSGANJIL25268728', 'siswa', 1),
(13456778, 'STSGANJIL25268728', 'DIMAS PRAMANA PUTRA', 'xtjkt42526', 'TJKT', 'K01030098259563', 'STSGANJIL25268728', 'siswa', 1),
(13466531, 'STSGANJIL25268728', 'EDO', 'xtjkt42526', 'TJKT', 'K01030098259564', 'STSGANJIL25268728', 'siswa', 1),
(13475516, 'STSGANJIL25268728', 'FACHRY FEBRIAN', 'xtjkt42526', 'TJKT', 'K01030098259565', 'STSGANJIL25268728', 'siswa', 1),
(13482349, 'STSGANJIL25268728', 'FAHREZI NURDIANSYAH', 'xtjkt42526', 'TJKT', 'K01030098259566', 'STSGANJIL25268728', 'siswa', 1),
(13494367, 'STSGANJIL25268728', 'FAJAR BIMANTARA', 'xtjkt42526', 'TJKT', 'K01030098259567', 'STSGANJIL25268728', 'siswa', 1),
(13503367, 'STSGANJIL25268728', 'FATHIR SATRIAWAN', 'xtjkt42526', 'TJKT', 'K01030098259568', 'STSGANJIL25268728', 'siswa', 1),
(13516852, 'STSGANJIL25268728', 'FIRLY RADITYA PRATAMA', 'xtjkt42526', 'TJKT', 'K01030098259569', 'STSGANJIL25268728', 'siswa', 1),
(13529076, 'STSGANJIL25268728', 'FIRNANDA ALIF FADHILAH', 'xtjkt42526', 'TJKT', 'K01030098259570', 'STSGANJIL25268728', 'siswa', 1),
(13537561, 'STSGANJIL25268728', 'IRVAN MAULANA', 'xtjkt42526', 'TJKT', 'K01030098259571', 'STSGANJIL25268728', 'siswa', 1),
(13545329, 'STSGANJIL25268728', 'JOHAN AGUNG SAPUTRA', 'xtjkt42526', 'TJKT', 'K01030098259572', 'STSGANJIL25268728', 'siswa', 1),
(13553628, 'STSGANJIL25268728', 'JOVAN ANGGA SAPUTRA', 'xtjkt42526', 'TJKT', 'K01030098259573', 'STSGANJIL25268728', 'siswa', 1),
(13569399, 'STSGANJIL25268728', 'KHOIRUL NUR WAHYUDI', 'xtjkt42526', 'TJKT', 'K01030098259574', 'STSGANJIL25268728', 'siswa', 1),
(13576432, 'STSGANJIL25268728', 'LIVARNO RADITYA AL GAZIA', 'xtjkt42526', 'TJKT', 'K01030098259575', 'STSGANJIL25268728', 'siswa', 1),
(13587902, 'STSGANJIL25268728', 'LUWIS MUKTI ONO', 'xtjkt42526', 'TJKT', 'K01030098259576', 'STSGANJIL25268728', 'siswa', 1),
(13592831, 'STSGANJIL25268728', 'MAHAR IBNU QAYYUM', 'xtjkt42526', 'TJKT', 'K01030098259577', 'STSGANJIL25268728', 'siswa', 1),
(13604842, 'STSGANJIL25268728', 'MOHAMMAD JOVAN AZZRULLAH', 'xtjkt42526', 'TJKT', 'K01030098259579', 'STSGANJIL25268728', 'siswa', 1),
(13613156, 'STSGANJIL25268728', 'MUHAMAD ALIF ARDYANSAH', 'xtjkt42526', 'TJKT', 'K01030098259580', 'STSGANJIL25268728', 'siswa', 1),
(13628552, 'STSGANJIL25268728', 'MUHAMAD RIDHO CAHYADI', 'xtjkt42526', 'TJKT', 'K01030098259578', 'STSGANJIL25268728', 'siswa', 1),
(13638860, 'STSGANJIL25268728', 'MUHAMMAD FARHAN ALFARIZKY', 'xtjkt42526', 'TJKT', 'K01030098259581', 'STSGANJIL25268728', 'siswa', 1),
(13643060, 'STSGANJIL25268728', 'MUHAMMAD NABIL MA\'RUF', 'xtjkt42526', 'TJKT', 'K01030098259582', 'STSGANJIL25268728', 'siswa', 1),
(13651214, 'STSGANJIL25268728', 'MUHAMMAD RIFQI PRATAMA', 'xtjkt42526', 'TJKT', 'K01030098259583', 'STSGANJIL25268728', 'siswa', 1),
(13669565, 'STSGANJIL25268728', 'MUHAMMAD SURYA', 'xtjkt42526', 'TJKT', 'K01030098259584', 'STSGANJIL25268728', 'siswa', 1),
(13671745, 'STSGANJIL25268728', 'MUHAMMAD WILDAN AL RASYIID', 'xtjkt42526', 'TJKT', 'K01030098259585', 'STSGANJIL25268728', 'siswa', 1),
(13685692, 'STSGANJIL25268728', 'NAUFAL ALDIANSYAH', 'xtjkt42526', 'TJKT', 'K01030098259586', 'STSGANJIL25268728', 'siswa', 1),
(13694916, 'STSGANJIL25268728', 'NOVAL MUR SAPUTRA', 'xtjkt42526', 'TJKT', 'K01030098259587', 'STSGANJIL25268728', 'siswa', 1),
(13704094, 'STSGANJIL25268728', 'PEBRIANO', 'xtjkt42526', 'TJKT', 'K01030098259588', 'STSGANJIL25268728', 'siswa', 1),
(13715997, 'STSGANJIL25268728', 'PUTRA PRATAMA BILLAH', 'xtjkt42526', 'TJKT', 'K01030098259589', 'STSGANJIL25268728', 'siswa', 1),
(13728538, 'STSGANJIL25268728', 'RADIQ RAIA PRATAMA', 'xtjkt42526', 'TJKT', 'K01030098259590', 'STSGANJIL25268728', 'siswa', 1),
(13738120, 'STSGANJIL25268728', 'RAFAEEL PRIYONO', 'xtjkt42526', 'TJKT', 'K01030098259591', 'STSGANJIL25268728', 'siswa', 1),
(13749822, 'STSGANJIL25268728', 'RAFFA FADLI FADILLAH', 'xtjkt42526', 'TJKT', 'K01030098259592', 'STSGANJIL25268728', 'siswa', 1),
(13756198, 'STSGANJIL25268728', 'RAHMAN NUDIN', 'xtjkt42526', 'TJKT', 'K01030098259593', 'STSGANJIL25268728', 'siswa', 1),
(13763098, 'STSGANJIL25268728', 'RIDWAN AL-FARIZ SYAFRUDIN', 'xtjkt42526', 'TJKT', 'K01030098259594', 'STSGANJIL25268728', 'siswa', 1),
(13775642, 'STSGANJIL25268728', 'VIOS ABINSA PRATAMA', 'xtjkt42526', 'TJKT', 'K01030098259595', 'STSGANJIL25268728', 'siswa', 1),
(13786462, 'STSGANJIL25268728', 'WAHYU ARIYANTO', 'xtjkt42526', 'TJKT', 'K01030098259596', 'STSGANJIL25268728', 'siswa', 1),
(13795977, 'STSGANJIL25268728', 'ZAIDAN RIFAI', 'xtjkt42526', 'TJKT', 'K01030098259597', 'STSGANJIL25268728', 'siswa', 1),
(13803448, 'STSGANJIL25268728', 'ALDA YULIANA', 'xiakl12526', 'AKL', 'K01030098249238', 'STSGANJIL25268728', 'siswa', 1),
(13812154, 'STSGANJIL25268728', 'ALFIAN MAULANA GALIH', 'xiakl12526', 'AKL', 'K01030098249240', 'STSGANJIL25268728', 'siswa', 1),
(13825380, 'STSGANJIL25268728', 'AYU NUR AZIZAH DARMANSYAH', 'xiakl12526', 'AKL', 'K01030098249246', 'STSGANJIL25268728', 'siswa', 1),
(13835963, 'STSGANJIL25268728', 'BELLA NOFIANA SAFITRI', 'xiakl12526', 'AKL', 'K01030098249249', 'STSGANJIL25268728', 'siswa', 1),
(13847084, 'STSGANJIL25268728', 'BINTANG LUTHFI AL ANSHORI', 'xiakl12526', 'AKL', 'K01030098249250', 'STSGANJIL25268728', 'siswa', 1),
(13856364, 'STSGANJIL25268728', 'CINDY ISMIRANTI', 'xiakl12526', 'AKL', 'K01030098249251', 'STSGANJIL25268728', 'siswa', 1),
(13867830, 'STSGANJIL25268728', 'DWI SEPTIANI RAMADHANI', 'xiakl12526', 'AKL', 'K01030098249255', 'STSGANJIL25268728', 'siswa', 1),
(13872485, 'STSGANJIL25268728', 'EGA SAPUTRA', 'xiakl12526', 'AKL', 'K01030098249256', 'STSGANJIL25268728', 'siswa', 1),
(13889479, 'STSGANJIL25268728', 'HADHI SURYAWIJAYA', 'xiakl12526', 'AKL', 'K01030098249260', 'STSGANJIL25268728', 'siswa', 1),
(13897170, 'STSGANJIL25268728', 'KHANZA CLAUDYA PURNOMO', 'xiakl12526', 'AKL', 'K01030098249264', 'STSGANJIL25268728', 'siswa', 1),
(13906411, 'STSGANJIL25268728', 'MOHAMAD GILANG RAMADHAN', 'xiakl12526', 'AKL', 'K01030098249270', 'STSGANJIL25268728', 'siswa', 1),
(13916198, 'STSGANJIL25268728', 'MUHAMMAD CHAIDAR BULQOINI', 'xiakl12526', 'AKL', 'K01030098249275', 'STSGANJIL25268728', 'siswa', 1),
(13928694, 'STSGANJIL25268728', 'MUHAMMAD SHODIQ', 'xiakl12526', 'AKL', 'K01030098249277', 'STSGANJIL25268728', 'siswa', 1),
(13937070, 'STSGANJIL25268728', 'NABIGOH FAIQOH', 'xiakl12526', 'AKL', 'K01030098249278', 'STSGANJIL25268728', 'siswa', 1),
(13945448, 'STSGANJIL25268728', 'NAYLA LESTARI', 'xiakl12526', 'AKL', 'K01030098249279', 'STSGANJIL25268728', 'siswa', 1),
(13952837, 'STSGANJIL25268728', 'PAHSA RAMADHANI', 'xiakl12526', 'AKL', 'K01030098249280', 'STSGANJIL25268728', 'siswa', 1),
(13964192, 'STSGANJIL25268728', 'RAFLI RAHMADANI KURNIAWAN', 'xiakl12526', 'AKL', 'K01030098249281', 'STSGANJIL25268728', 'siswa', 1),
(13972008, 'STSGANJIL25268728', 'RAIHAN RAFFA HANDOKO', 'xiakl12526', 'AKL', 'K01030098249282', 'STSGANJIL25268728', 'siswa', 1),
(13986748, 'STSGANJIL25268728', 'RANGGA SATRIO', 'xiakl12526', 'AKL', 'K01030098249284', 'STSGANJIL25268728', 'siswa', 1);
INSERT INTO `a_siswa` (`id`, `no_peserta`, `nama_siswa`, `kelas`, `jurusan`, `username`, `password`, `level`, `status`) VALUES
(13995696, 'STSGANJIL25268728', 'REFITA NUR HAYATI', 'xiakl12526', 'AKL', 'K01030098249289', 'STSGANJIL25268728', 'siswa', 1),
(14005175, 'STSGANJIL25268728', 'REIHAN RAMADHAN', 'xiakl12526', 'AKL', 'K01030098249287', 'STSGANJIL25268728', 'siswa', 1),
(14014018, 'STSGANJIL25268728', 'RESTY CAHYANI', 'xiakl12526', 'AKL', 'K01030098249288', 'STSGANJIL25268728', 'siswa', 1),
(14029740, 'STSGANJIL25268728', 'REVITA RAHMA DINA', 'xiakl12526', 'AKL', 'K01030098249290', 'STSGANJIL25268728', 'siswa', 1),
(14035940, 'STSGANJIL25268728', 'RHADO WIJAYA SYAMRI', 'xiakl12526', 'AKL', 'K01030098249292', 'STSGANJIL25268728', 'siswa', 1),
(14046911, 'STSGANJIL25268728', 'SAFIRA ANGELIA', 'xiakl12526', 'AKL', 'K01030098249293', 'STSGANJIL25268728', 'siswa', 1),
(14058686, 'STSGANJIL25268728', 'SHERINA SETIAWAN', 'xiakl12526', 'AKL', 'K01030098249295', 'STSGANJIL25268728', 'siswa', 1),
(14061782, 'STSGANJIL25268728', 'SYIFA AULIA FEBRIANI', 'xiakl12526', 'AKL', 'K01030098249297', 'STSGANJIL25268728', 'siswa', 1),
(14073092, 'STSGANJIL25268728', 'TIO ADITYA', 'xiakl12526', 'AKL', 'K01030098249300', 'STSGANJIL25268728', 'siswa', 1),
(14087710, 'STSGANJIL25268728', 'WILDAN RASYIID AKBAR', 'xiakl12526', 'AKL', 'K01030098249301', 'STSGANJIL25268728', 'siswa', 1),
(14094824, 'STSGANJIL25268728', 'ZIQRONI SUMA\'AT', 'xiakl12526', 'AKL', 'K01030098249302', 'STSGANJIL25268728', 'siswa', 1),
(14108223, 'STSGANJIL25268728', 'ALDI DARMAWAN', 'xiakl22526', 'AKL', 'K01030098249239', 'STSGANJIL25268728', 'siswa', 1),
(14112660, 'STSGANJIL25268728', 'ARBA ROHMADHONI', 'xiakl22526', 'AKL', 'K01030098249242', 'STSGANJIL25268728', 'siswa', 1),
(14122218, 'STSGANJIL25268728', 'ARIF PRIYONO', 'xiakl22526', 'AKL', 'K01030098249243', 'STSGANJIL25268728', 'siswa', 1),
(14136529, 'STSGANJIL25268728', 'ARRAZY ELJAYYID JIDDAN', 'xiakl22526', 'AKL', 'K01030098249244', 'STSGANJIL25268728', 'siswa', 1),
(14145989, 'STSGANJIL25268728', 'AURA KARTIKA SARI', 'xiakl22526', 'AKL', 'K01030098249245', 'STSGANJIL25268728', 'siswa', 1),
(14157661, 'STSGANJIL25268728', 'AZKHA ABDUL GHANIY', 'xiakl22526', 'AKL', 'K01030098249247', 'STSGANJIL25268728', 'siswa', 1),
(14161548, 'STSGANJIL25268728', 'DEAN ANGGER PANDU KELANA', 'xiakl22526', 'AKL', 'K01030098249252', 'STSGANJIL25268728', 'siswa', 1),
(14175256, 'STSGANJIL25268728', 'DEWI MAHARANI', 'xiakl22526', 'AKL', 'K01030098249253', 'STSGANJIL25268728', 'siswa', 1),
(14187020, 'STSGANJIL25268728', 'DINDA LUTFIYATUL FUSILLA', 'xiakl22526', 'AKL', 'K01030098249254', 'STSGANJIL25268728', 'siswa', 1),
(14194653, 'STSGANJIL25268728', 'ELI VEBRIANA', 'xiakl22526', 'AKL', 'K01030098249257', 'STSGANJIL25268728', 'siswa', 1),
(14205690, 'STSGANJIL25268728', 'FAUZIAH ATSAQIF', 'xiakl22526', 'AKL', 'K01030098249258', 'STSGANJIL25268728', 'siswa', 1),
(14216953, 'STSGANJIL25268728', 'GALBERA ANATASYA', 'xiakl22526', 'AKL', 'K01030098249259', 'STSGANJIL25268728', 'siswa', 1),
(14225007, 'STSGANJIL25268728', 'KHAIRUL ANAM', 'xiakl22526', 'AKL', 'K01030098249262', 'STSGANJIL25268728', 'siswa', 1),
(14236986, 'STSGANJIL25268728', 'KIRANA AULIA PUTRI', 'xiakl22526', 'AKL', 'K01030098249266', 'STSGANJIL25268728', 'siswa', 1),
(14243874, 'STSGANJIL25268728', 'LENI ASHARI', 'xiakl22526', 'AKL', 'K01030098249267', 'STSGANJIL25268728', 'siswa', 1),
(14253855, 'STSGANJIL25268728', 'MELIYANA', 'xiakl22526', 'AKL', 'K01030098249268', 'STSGANJIL25268728', 'siswa', 1),
(14269028, 'STSGANJIL25268728', 'MOHAMAD GALANG RAMADHAN', 'xiakl22526', 'AKL', 'K01030098249269', 'STSGANJIL25268728', 'siswa', 1),
(14271762, 'STSGANJIL25268728', 'MUHAMAD NUR RIZKY RAMADHAN', 'xiakl22526', 'AKL', 'K01030098249271', 'STSGANJIL25268728', 'siswa', 1),
(14289765, 'STSGANJIL25268728', 'MUHAMAD RAFIK HARIRI', 'xiakl22526', 'AKL', 'K01030098249272', 'STSGANJIL25268728', 'siswa', 1),
(14297748, 'STSGANJIL25268728', 'MUHAMAD RIFALDI', 'xiakl22526', 'AKL', 'K01030098249274', 'STSGANJIL25268728', 'siswa', 1),
(14303201, 'STSGANJIL25268728', 'MUHAMMAD RIZKY PRATAMA', 'xiakl22526', 'AKL', 'K01030098249276', 'STSGANJIL25268728', 'siswa', 1),
(14312292, 'STSGANJIL25268728', 'RAMSYA ILYASSYA', 'xiakl22526', 'AKL', 'K01030098249283', 'STSGANJIL25268728', 'siswa', 1),
(14326789, 'STSGANJIL25268728', 'RASYA AMANDA MIKE', 'xiakl22526', 'AKL', 'K01030098249285', 'STSGANJIL25268728', 'siswa', 1),
(14331866, 'STSGANJIL25268728', 'REGINA KHARNESYA', 'xiakl22526', 'AKL', 'K01030098249286', 'STSGANJIL25268728', 'siswa', 1),
(14346228, 'STSGANJIL25268728', 'REZKY AGHFARIYADI', 'xiakl22526', 'AKL', 'K01030098249291', 'STSGANJIL25268728', 'siswa', 1),
(14358974, 'STSGANJIL25268728', 'SARAH DIVA WULANNINGSIH', 'xiakl22526', 'AKL', 'K01030098249294', 'STSGANJIL25268728', 'siswa', 1),
(14365026, 'STSGANJIL25268728', 'SITI MARLINAH', 'xiakl22526', 'AKL', 'K01030098249296', 'STSGANJIL25268728', 'siswa', 1),
(14378627, 'STSGANJIL25268728', 'TAZUL ARIFIN DJUNAEDI', 'xiakl22526', 'AKL', 'K01030098249298', 'STSGANJIL25268728', 'siswa', 1),
(14386520, 'STSGANJIL25268728', 'TEGAR PRASETIAWAN', 'xiakl22526', 'AKL', 'K01030098249299', 'STSGANJIL25268728', 'siswa', 1),
(14393957, 'STSGANJIL25268728', 'ACHYAR MUHAMMAD FACHRI', 'xidkv2526', 'DKV', 'K01030098249192', 'STSGANJIL25268728', 'siswa', 1),
(14405906, 'STSGANJIL25268728', 'ADE HAIKAL AKBAR MAULANA', 'xidkv2526', 'DKV', 'K01030098249193', 'STSGANJIL25268728', 'siswa', 1),
(14413828, 'STSGANJIL25268728', 'ALFIN NUR PRATAMA', 'xidkv2526', 'DKV', 'K01030098249194', 'STSGANJIL25268728', 'siswa', 1),
(14428976, 'STSGANJIL25268728', 'ALVIN ANDREAN', 'xidkv2526', 'DKV', 'K01030098249195', 'STSGANJIL25268728', 'siswa', 1),
(14434988, 'STSGANJIL25268728', 'ANDITA SOFIANA PUTRI', 'xidkv2526', 'DKV', 'K01030098249196', 'STSGANJIL25268728', 'siswa', 1),
(14442321, 'STSGANJIL25268728', 'APRILLIA PUSPITASARI', 'xidkv2526', 'DKV', 'K01030098249197', 'STSGANJIL25268728', 'siswa', 1),
(14456443, 'STSGANJIL25268728', 'AUREL NASYABILA', 'xidkv2526', 'DKV', 'K01030098249198', 'STSGANJIL25268728', 'siswa', 1),
(14461632, 'STSGANJIL25268728', 'AZZAHRA DWI AFRIANI', 'xidkv2526', 'DKV', 'K01030098249199', 'STSGANJIL25268728', 'siswa', 1),
(14479923, 'STSGANJIL25268728', 'AZZAHRA PUTRI MAHARANI', 'xidkv2526', 'DKV', 'K01030098249200', 'STSGANJIL25268728', 'siswa', 1),
(14482227, 'STSGANJIL25268728', 'CLARYSTA AYU DEWANTI', 'xidkv2526', 'DKV', 'K01030098249202', 'STSGANJIL25268728', 'siswa', 1),
(14493550, 'STSGANJIL25268728', 'DEDEH NURCAHYATI', 'xidkv2526', 'DKV', 'K01030098249203', 'STSGANJIL25268728', 'siswa', 1),
(14502369, 'STSGANJIL25268728', 'DENIS PRANATA', 'xidkv2526', 'DKV', 'K01030098249204', 'STSGANJIL25268728', 'siswa', 1),
(14517486, 'STSGANJIL25268728', 'DINAR WIJAYA', 'xidkv2526', 'DKV', 'K01030098249205', 'STSGANJIL25268728', 'siswa', 1),
(14528762, 'STSGANJIL25268728', 'FAIZAH HILWA AWANI', 'xidkv2526', 'DKV', 'K01030098249206', 'STSGANJIL25268728', 'siswa', 1),
(14533154, 'STSGANJIL25268728', 'FAJAR ARDIANTO', 'xidkv2526', 'DKV', 'K01030098249207', 'STSGANJIL25268728', 'siswa', 1),
(14542429, 'STSGANJIL25268728', 'FAREL PUTRA ARIFIN', 'xidkv2526', 'DKV', 'K01030098249208', 'STSGANJIL25268728', 'siswa', 1),
(14555741, 'STSGANJIL25268728', 'IMAN SAPUTRA BUDIMAN', 'xidkv2526', 'DKV', 'K01030098249209', 'STSGANJIL25268728', 'siswa', 1),
(14561348, 'STSGANJIL25268728', 'JESIKA MANOHARA', 'xidkv2526', 'DKV', 'K01030098249210', 'STSGANJIL25268728', 'siswa', 1),
(14572764, 'STSGANJIL25268728', 'JOEL SANDIAGO', 'xidkv2526', 'DKV', 'K01030098249211', 'STSGANJIL25268728', 'siswa', 1),
(14589013, 'STSGANJIL25268728', 'JOHAN DWI SAPUTRA', 'xidkv2526', 'DKV', 'K01030098249212', 'STSGANJIL25268728', 'siswa', 1),
(14597202, 'STSGANJIL25268728', 'LAYSA JEN FATMALA', 'xidkv2526', 'DKV', 'K01030098249213', 'STSGANJIL25268728', 'siswa', 1),
(14601644, 'STSGANJIL25268728', 'MARIO', 'xidkv2526', 'DKV', 'K01030098249214', 'STSGANJIL25268728', 'siswa', 1),
(14617301, 'STSGANJIL25268728', 'MAULIA', 'xidkv2526', 'DKV', 'K01030098249215', 'STSGANJIL25268728', 'siswa', 1),
(14626624, 'STSGANJIL25268728', 'MEDINA NUR AISYAH', 'xidkv2526', 'DKV', 'K01030098249216', 'STSGANJIL25268728', 'siswa', 1),
(14631334, 'STSGANJIL25268728', 'MEISHA LUNA A\'ISYAH', 'xidkv2526', 'DKV', 'K01030098249217', 'STSGANJIL25268728', 'siswa', 1),
(14642379, 'STSGANJIL25268728', 'MIKALA SAKA PRADITA', 'xidkv2526', 'DKV', 'K01030098249218', 'STSGANJIL25268728', 'siswa', 1),
(14653456, 'STSGANJIL25268728', 'MUHAMAD FAUZI MARFEL PUTRA', 'xidkv2526', 'DKV', 'K01030098249219', 'STSGANJIL25268728', 'siswa', 1),
(14662976, 'STSGANJIL25268728', 'MUHAMAD RAHEL', 'xidkv2526', 'DKV', 'K01030098249220', 'STSGANJIL25268728', 'siswa', 1),
(14676219, 'STSGANJIL25268728', 'MUHAMMAD ARIEL MAULANA', 'xidkv2526', 'DKV', 'K01030098249221', 'STSGANJIL25268728', 'siswa', 1),
(14684062, 'STSGANJIL25268728', 'MUHAMMAD FAHREZY', 'xidkv2526', 'DKV', 'K01030098249222', 'STSGANJIL25268728', 'siswa', 1),
(14696137, 'STSGANJIL25268728', 'MUHAMMAD RASYA', 'xidkv2526', 'DKV', 'K01030098249224', 'STSGANJIL25268728', 'siswa', 1),
(14707532, 'STSGANJIL25268728', 'MURFID HAFIZ APRILIANTO', 'xidkv2526', 'DKV', 'K01030098249225', 'STSGANJIL25268728', 'siswa', 1),
(14713695, 'STSGANJIL25268728', 'NAYLA PUTRI CAHYANI', 'xidkv2526', 'DKV', 'K01030098249226', 'STSGANJIL25268728', 'siswa', 1),
(14726293, 'STSGANJIL25268728', 'NIZAM AQILANSYAH', 'xidkv2526', 'DKV', 'K01030098249227', 'STSGANJIL25268728', 'siswa', 1),
(14735658, 'STSGANJIL25268728', 'PANDU IBNU SAPUTRA', 'xidkv2526', 'DKV', 'K01030098249228', 'STSGANJIL25268728', 'siswa', 1),
(14749881, 'STSGANJIL25268728', 'PHILIP TED', 'xidkv2526', 'DKV', 'K01030098249229', 'STSGANJIL25268728', 'siswa', 1),
(14759734, 'STSGANJIL25268728', 'RAKHA MUHAMMAD KHAERUL RIZQY', 'xidkv2526', 'DKV', 'K01030098249230', 'STSGANJIL25268728', 'siswa', 1),
(14764729, 'STSGANJIL25268728', 'RESSY AULIA', 'xidkv2526', 'DKV', 'K01030098249231', 'STSGANJIL25268728', 'siswa', 1),
(14773186, 'STSGANJIL25268728', 'RIDWAN ARYA MUBAROK', 'xidkv2526', 'DKV', 'K01030098249232', 'STSGANJIL25268728', 'siswa', 1),
(14787245, 'STSGANJIL25268728', 'RIFQI REIFANSYAH', 'xidkv2526', 'DKV', 'K01030098249233', 'STSGANJIL25268728', 'siswa', 1),
(14797694, 'STSGANJIL25268728', 'SATRIO PUTRA BAGUS BAHRI RAMADHAN', 'xidkv2526', 'DKV', 'K01030098249234', 'STSGANJIL25268728', 'siswa', 1),
(14803986, 'STSGANJIL25268728', 'SHAFIRA AULIA RACHMAH', 'xidkv2526', 'DKV', 'K01030098249235', 'STSGANJIL25268728', 'siswa', 1),
(14812510, 'STSGANJIL25268728', 'SHAMARA WINDANI ANGGRAINI', 'xidkv2526', 'DKV', 'K01030098249236', 'STSGANJIL25268728', 'siswa', 1),
(14824804, 'STSGANJIL25268728', 'ZAHRA EKA PRANAYA', 'xidkv2526', 'DKV', 'K01030098249237', 'STSGANJIL25268728', 'siswa', 1),
(14838711, 'STSGANJIL25268728', 'AFLAH SALSABILA', 'ximplb12526', 'MPLB', 'K01030098249303', 'STSGANJIL25268728', 'siswa', 1),
(14841205, 'STSGANJIL25268728', 'ANNISA FITRI RAHMAWATI', 'ximplb12526', 'MPLB', 'K01030098249309', 'STSGANJIL25268728', 'siswa', 1),
(14855203, 'STSGANJIL25268728', 'BELA SELVIA', 'ximplb12526', 'MPLB', 'K01030098249312', 'STSGANJIL25268728', 'siswa', 1),
(14869937, 'STSGANJIL25268728', 'BRIGITA GRASELA BIKOLO', 'ximplb12526', 'MPLB', 'K01030098249314', 'STSGANJIL25268728', 'siswa', 1),
(14873580, 'STSGANJIL25268728', 'CAHAYA MAELIA', 'ximplb12526', 'MPLB', 'K01030098249316', 'STSGANJIL25268728', 'siswa', 1),
(14887151, 'STSGANJIL25268728', 'CALLISTA RIHANNA PUTRI', 'ximplb12526', 'MPLB', 'K01030098249317', 'STSGANJIL25268728', 'siswa', 1),
(14898546, 'STSGANJIL25268728', 'DEA ELFATIYA PUTRI', 'ximplb12526', 'MPLB', 'K01030098249319', 'STSGANJIL25268728', 'siswa', 1),
(14904329, 'STSGANJIL25268728', 'DHIVA SABRINA', 'ximplb12526', 'MPLB', 'K01030098249323', 'STSGANJIL25268728', 'siswa', 1),
(14913493, 'STSGANJIL25268728', 'EKA ASILA PUTRI', 'ximplb12526', 'MPLB', 'K01030098249326', 'STSGANJIL25268728', 'siswa', 1),
(14927909, 'STSGANJIL25268728', 'ILANA ARDITHA PUTRI', 'ximplb12526', 'MPLB', 'K01030098249330', 'STSGANJIL25268728', 'siswa', 1),
(14934208, 'STSGANJIL25268728', 'JESICCA MARGARET', 'ximplb12526', 'MPLB', 'K01030098249332', 'STSGANJIL25268728', 'siswa', 1),
(14945590, 'STSGANJIL25268728', 'KIRANA GHEA PERMATA', 'ximplb12526', 'MPLB', 'K01030098249335', 'STSGANJIL25268728', 'siswa', 1),
(14955376, 'STSGANJIL25268728', 'LINDA LESTARI', 'ximplb12526', 'MPLB', 'K01030098249336', 'STSGANJIL25268728', 'siswa', 1),
(14966797, 'STSGANJIL25268728', 'LUTFIANA AYU SAFITRI', 'ximplb12526', 'MPLB', 'K01030098249338', 'STSGANJIL25268728', 'siswa', 1),
(14976959, 'STSGANJIL25268728', 'MARSELA ABELA', 'ximplb12526', 'MPLB', 'K01030098249339', 'STSGANJIL25268728', 'siswa', 1),
(14982234, 'STSGANJIL25268728', 'MAY FADILAH SHOLIKHIN PRATAMA', 'ximplb12526', 'MPLB', 'K01030098249342', 'STSGANJIL25268728', 'siswa', 1),
(14996731, 'STSGANJIL25268728', 'NABILAH ZAHIRAH', 'ximplb12526', 'MPLB', 'K01030098249343', 'STSGANJIL25268728', 'siswa', 1),
(15004950, 'STSGANJIL25268728', 'NADINDA AISYAH RAMADANI', 'ximplb12526', 'MPLB', 'K01030098249344', 'STSGANJIL25268728', 'siswa', 1),
(15014834, 'STSGANJIL25268728', 'NADZIVA TYAS RAMADHANI', 'ximplb12526', 'MPLB', 'K01030098249345', 'STSGANJIL25268728', 'siswa', 1),
(15025352, 'STSGANJIL25268728', 'NATASYA HOPFULIA', 'ximplb12526', 'MPLB', 'K01030098249347', 'STSGANJIL25268728', 'siswa', 1),
(15039495, 'STSGANJIL25268728', 'NOVA ADINDA PUTRI', 'ximplb12526', 'MPLB', 'K01030098249351', 'STSGANJIL25268728', 'siswa', 1),
(15043072, 'STSGANJIL25268728', 'PUPUT NILAM SARI', 'ximplb12526', 'MPLB', 'K01030098249354', 'STSGANJIL25268728', 'siswa', 1),
(15052072, 'STSGANJIL25268728', 'QASYFIL RANIA SYAMSI', 'ximplb12526', 'MPLB', 'K01030098249356', 'STSGANJIL25268728', 'siswa', 1),
(15067958, 'STSGANJIL25268728', 'RABILA TUZZAQIYAH', 'ximplb12526', 'MPLB', 'K01030098249357', 'STSGANJIL25268728', 'siswa', 1),
(15079799, 'STSGANJIL25268728', 'RENY WINSA PUTRI', 'ximplb12526', 'MPLB', 'K01030098249359', 'STSGANJIL25268728', 'siswa', 1),
(15083419, 'STSGANJIL25268728', 'REVA SESI PUTRI APRILIA', 'ximplb12526', 'MPLB', 'K01030098249360', 'STSGANJIL25268728', 'siswa', 1),
(15092307, 'STSGANJIL25268728', 'RIFA FAUZIYAH', 'ximplb12526', 'MPLB', 'K01030098249361', 'STSGANJIL25268728', 'siswa', 1),
(15108305, 'STSGANJIL25268728', 'SETYANA AULYA', 'ximplb12526', 'MPLB', 'K01030098249364', 'STSGANJIL25268728', 'siswa', 1),
(15116112, 'STSGANJIL25268728', 'SHINTA LESTARI', 'ximplb12526', 'MPLB', 'K01030098249367', 'STSGANJIL25268728', 'siswa', 1),
(15121161, 'STSGANJIL25268728', 'SILVANA', 'ximplb12526', 'MPLB', 'K01030098249365', 'STSGANJIL25268728', 'siswa', 1),
(15132855, 'STSGANJIL25268728', 'SINTHA APRILLIANINGSIH', 'ximplb12526', 'MPLB', 'K01030098249368', 'STSGANJIL25268728', 'siswa', 1),
(15149492, 'STSGANJIL25268728', 'SUCI FITRIANI', 'ximplb12526', 'MPLB', 'K01030098249370', 'STSGANJIL25268728', 'siswa', 1),
(15153589, 'STSGANJIL25268728', 'SYAHANA AL MALAIKA', 'ximplb12526', 'MPLB', 'K01030098249372', 'STSGANJIL25268728', 'siswa', 1),
(15161782, 'STSGANJIL25268728', 'SYIFA ASZUHAFA', 'ximplb12526', 'MPLB', 'K01030098249373', 'STSGANJIL25268728', 'siswa', 1),
(15173618, 'STSGANJIL25268728', 'TALTHA KALILA HIDAYAT', 'ximplb12526', 'MPLB', 'K01030098249377', 'STSGANJIL25268728', 'siswa', 1),
(15184104, 'STSGANJIL25268728', 'TANIA DWI CAHYA', 'ximplb12526', 'MPLB', 'K01030098249378', 'STSGANJIL25268728', 'siswa', 1),
(15192513, 'STSGANJIL25268728', 'VERLITA NATANNIA', 'ximplb12526', 'MPLB', 'K01030098249381', 'STSGANJIL25268728', 'siswa', 1),
(15204269, 'STSGANJIL25268728', 'VINAYA ADILLA', 'ximplb12526', 'MPLB', 'K01030098249383', 'STSGANJIL25268728', 'siswa', 1),
(15211141, 'STSGANJIL25268728', 'ZAHRA DWI PUSPITA SARI', 'ximplb12526', 'MPLB', 'K01030098249386', 'STSGANJIL25268728', 'siswa', 1),
(15225864, 'STSGANJIL25268728', 'BUNGA IKMAH RISALDY', 'ximplb12526', 'MPLB', 'K01030098253003', 'STSGANJIL25268728', 'siswa', 1),
(15231386, 'STSGANJIL25268728', 'AMELIA AGUSTIN', 'ximplb22526', 'MPLB', 'K01030098249304', 'STSGANJIL25268728', 'siswa', 1),
(15244619, 'STSGANJIL25268728', 'ANDINA PUTRI AQILLAH', 'ximplb22526', 'MPLB', 'K01030098249305', 'STSGANJIL25268728', 'siswa', 1),
(15252374, 'STSGANJIL25268728', 'ANGGI ANGRAINI', 'ximplb22526', 'MPLB', 'K01030098249306', 'STSGANJIL25268728', 'siswa', 1),
(15269229, 'STSGANJIL25268728', 'ANGGRAENI INDAH PERTIWI', 'ximplb22526', 'MPLB', 'K01030098249307', 'STSGANJIL25268728', 'siswa', 1),
(15279584, 'STSGANJIL25268728', 'ANNE ANGGRAINI', 'ximplb22526', 'MPLB', 'K01030098249308', 'STSGANJIL25268728', 'siswa', 1),
(15288117, 'STSGANJIL25268728', 'AQILA AINIA FAHRANI', 'ximplb22526', 'MPLB', 'K01030098249310', 'STSGANJIL25268728', 'siswa', 1),
(15294922, 'STSGANJIL25268728', 'BELAWULAN DITA', 'ximplb22526', 'MPLB', 'K01030098249313', 'STSGANJIL25268728', 'siswa', 1),
(15308536, 'STSGANJIL25268728', 'BUNGA ANDIRA', 'ximplb22526', 'MPLB', 'K01030098249315', 'STSGANJIL25268728', 'siswa', 1),
(15311306, 'STSGANJIL25268728', 'CITRA PUSPITA HARTI', 'ximplb22526', 'MPLB', 'K01030098249318', 'STSGANJIL25268728', 'siswa', 1),
(15323892, 'STSGANJIL25268728', 'DENA OLIVIA', 'ximplb22526', 'MPLB', 'K01030098249320', 'STSGANJIL25268728', 'siswa', 1),
(15339651, 'STSGANJIL25268728', 'DESSY KARLINA', 'ximplb22526', 'MPLB', 'K01030098249321', 'STSGANJIL25268728', 'siswa', 1),
(15348275, 'STSGANJIL25268728', 'DIAN ANJANI', 'ximplb22526', 'MPLB', 'K01030098249324', 'STSGANJIL25268728', 'siswa', 1),
(15352105, 'STSGANJIL25268728', 'DINAR MUBAROKAH', 'ximplb22526', 'MPLB', 'K01030098249325', 'STSGANJIL25268728', 'siswa', 1),
(15361247, 'STSGANJIL25268728', 'ESTIANA FARRAS ANDINI', 'ximplb22526', 'MPLB', 'K01030098249327', 'STSGANJIL25268728', 'siswa', 1),
(15379374, 'STSGANJIL25268728', 'FITRI GENIS AULIA', 'ximplb22526', 'MPLB', 'K01030098249328', 'STSGANJIL25268728', 'siswa', 1),
(15382388, 'STSGANJIL25268728', 'FITRI OKTAVIANI', 'ximplb22526', 'MPLB', 'K01030098249329', 'STSGANJIL25268728', 'siswa', 1),
(15397247, 'STSGANJIL25268728', 'JAHRA AULIA', 'ximplb22526', 'MPLB', 'K01030098249331', 'STSGANJIL25268728', 'siswa', 1),
(15406716, 'STSGANJIL25268728', 'KAYLA CAHYA DWI PUTRI SETYANI', 'ximplb22526', 'MPLB', 'K01030098249333', 'STSGANJIL25268728', 'siswa', 1),
(15412162, 'STSGANJIL25268728', 'KIRANA APRILIA SHAFITRI', 'ximplb22526', 'MPLB', 'K01030098249334', 'STSGANJIL25268728', 'siswa', 1),
(15424461, 'STSGANJIL25268728', 'LUNAFIKA HARIYANTI', 'ximplb22526', 'MPLB', 'K01030098249337', 'STSGANJIL25268728', 'siswa', 1),
(15437304, 'STSGANJIL25268728', 'MARSYA PUTRI IRAWAN', 'ximplb22526', 'MPLB', 'K01030098249340', 'STSGANJIL25268728', 'siswa', 1),
(15446124, 'STSGANJIL25268728', 'MAULANY CAHYA PERMATA DEWI', 'ximplb22526', 'MPLB', 'K01030098249341', 'STSGANJIL25268728', 'siswa', 1),
(15459923, 'STSGANJIL25268728', 'NASYA HAELUSI', 'ximplb22526', 'MPLB', 'K01030098249346', 'STSGANJIL25268728', 'siswa', 1),
(15466331, 'STSGANJIL25268728', 'NAYYARA RAMADHANTY SETIAWAN', 'ximplb22526', 'MPLB', 'K01030098249348', 'STSGANJIL25268728', 'siswa', 1),
(15475501, 'STSGANJIL25268728', 'NELY SAFITRI', 'ximplb22526', 'MPLB', 'K01030098249350', 'STSGANJIL25268728', 'siswa', 1),
(15487556, 'STSGANJIL25268728', 'NOVEL ALLILAH', 'ximplb22526', 'MPLB', 'K01030098249352', 'STSGANJIL25268728', 'siswa', 1),
(15493616, 'STSGANJIL25268728', 'NUR AZIZAH', 'ximplb22526', 'MPLB', 'K01030098249353', 'STSGANJIL25268728', 'siswa', 1),
(15506087, 'STSGANJIL25268728', 'RAHMAWATI', 'ximplb22526', 'MPLB', 'K01030098249358', 'STSGANJIL25268728', 'siswa', 1),
(15515602, 'STSGANJIL25268728', 'RIFFA RAMADHANI ANWAR', 'ximplb22526', 'MPLB', 'K01030098249362', 'STSGANJIL25268728', 'siswa', 1),
(15527141, 'STSGANJIL25268728', 'SELFY DESWYTA HAFIZHAH', 'ximplb22526', 'MPLB', 'K01030098249363', 'STSGANJIL25268728', 'siswa', 1),
(15537162, 'STSGANJIL25268728', 'SINTA AULIA WAHYUDI', 'ximplb22526', 'MPLB', 'K01030098249366', 'STSGANJIL25268728', 'siswa', 1),
(15549129, 'STSGANJIL25268728', 'SITI MARSELA', 'ximplb22526', 'MPLB', 'K01030098249369', 'STSGANJIL25268728', 'siswa', 1),
(15556853, 'STSGANJIL25268728', 'SUCI RHAMADHINI', 'ximplb22526', 'MPLB', 'K01030098249371', 'STSGANJIL25268728', 'siswa', 1),
(15561829, 'STSGANJIL25268728', 'SYINTIA MAULIDA PUTRI', 'ximplb22526', 'MPLB', 'K01030098249374', 'STSGANJIL25268728', 'siswa', 1),
(15573638, 'STSGANJIL25268728', 'SYLVANA ANASTASIA', 'ximplb22526', 'MPLB', 'K01030098249375', 'STSGANJIL25268728', 'siswa', 1),
(15584437, 'STSGANJIL25268728', 'TARA FUJI RAMADANI', 'ximplb22526', 'MPLB', 'K01030098249379', 'STSGANJIL25268728', 'siswa', 1),
(15591272, 'STSGANJIL25268728', 'THESYA LIDIA CHANDRA', 'ximplb22526', 'MPLB', 'K01030098249380', 'STSGANJIL25268728', 'siswa', 1),
(15604210, 'STSGANJIL25268728', 'VIKA PUSPITA SARI', 'ximplb22526', 'MPLB', 'K01030098249382', 'STSGANJIL25268728', 'siswa', 1),
(15614584, 'STSGANJIL25268728', 'ZAHRA AMIRA ZULAIKA', 'ximplb22526', 'MPLB', 'K01030098249384', 'STSGANJIL25268728', 'siswa', 1),
(15629490, 'STSGANJIL25268728', 'ZAHRA AULIA', 'ximplb22526', 'MPLB', 'K01030098249385', 'STSGANJIL25268728', 'siswa', 1),
(15632879, 'STSGANJIL25268728', 'AJENG OKTI NUR SOPIANI', 'xipm2526', 'PM', 'K01030098249387', 'STSGANJIL25268728', 'siswa', 1),
(15647070, 'STSGANJIL25268728', 'ANGGA ADRIANSYAH', 'xipm2526', 'PM', 'K01030098249388', 'STSGANJIL25268728', 'siswa', 1),
(15657241, 'STSGANJIL25268728', 'ASANDI HERIYAWAN', 'xipm2526', 'PM', 'K01030098249389', 'STSGANJIL25268728', 'siswa', 1),
(15665345, 'STSGANJIL25268728', 'CHARLIEANSYAH', 'xipm2526', 'PM', 'K01030098249390', 'STSGANJIL25268728', 'siswa', 1),
(15672342, 'STSGANJIL25268728', 'DHIMAS TIAR EFENDI', 'xipm2526', 'PM', 'K01030098249391', 'STSGANJIL25268728', 'siswa', 1),
(15681890, 'STSGANJIL25268728', 'FADIYAH NIDA NAIFAH', 'xipm2526', 'PM', 'K01030098249392', 'STSGANJIL25268728', 'siswa', 1),
(15692235, 'STSGANJIL25268728', 'FADLI BAHARUDDIN MAHBUB', 'xipm2526', 'PM', 'K01030098249393', 'STSGANJIL25268728', 'siswa', 1),
(15704299, 'STSGANJIL25268728', 'FANI RAHMA SARI', 'xipm2526', 'PM', 'K01030098249394', 'STSGANJIL25268728', 'siswa', 1),
(15713131, 'STSGANJIL25268728', 'FRIKA SEPTIANA', 'xipm2526', 'PM', 'K01030098249397', 'STSGANJIL25268728', 'siswa', 1),
(15728338, 'STSGANJIL25268728', 'GADIS PERMATA SARI', 'xipm2526', 'PM', 'K01030098249398', 'STSGANJIL25268728', 'siswa', 1),
(15738244, 'STSGANJIL25268728', 'HAFIZ FATHONI', 'xipm2526', 'PM', 'K01030098249399', 'STSGANJIL25268728', 'siswa', 1),
(15744719, 'STSGANJIL25268728', 'IRSYAD AL FATIR', 'xipm2526', 'PM', 'K01030098249400', 'STSGANJIL25268728', 'siswa', 1),
(15754327, 'STSGANJIL25268728', 'KAFKA SATRIA PRAJA', 'xipm2526', 'PM', 'K01030098249401', 'STSGANJIL25268728', 'siswa', 1),
(15762836, 'STSGANJIL25268728', 'KIMI DINO PATTY', 'xipm2526', 'PM', 'K01030098249402', 'STSGANJIL25268728', 'siswa', 1),
(15779897, 'STSGANJIL25268728', 'MARRTIN SETIAWAN', 'xipm2526', 'PM', 'K01030098249403', 'STSGANJIL25268728', 'siswa', 1),
(15784407, 'STSGANJIL25268728', 'MELATI', 'xipm2526', 'PM', 'K01030098249404', 'STSGANJIL25268728', 'siswa', 1),
(15791181, 'STSGANJIL25268728', 'MELLY SAPUTRI', 'xipm2526', 'PM', 'K01030098249405', 'STSGANJIL25268728', 'siswa', 1),
(15808049, 'STSGANJIL25268728', 'MOCHAMMAD ARIANSYAH BACHTIAR', 'xipm2526', 'PM', 'K01030098249406', 'STSGANJIL25268728', 'siswa', 1),
(15819998, 'STSGANJIL25268728', 'MOHAMMAD BAGUS KURNIAWAN', 'xipm2526', 'PM', 'K01030098249407', 'STSGANJIL25268728', 'siswa', 1),
(15826845, 'STSGANJIL25268728', 'MUHAMAD ANDIKA PRATAMA', 'xipm2526', 'PM', 'K01030098249409', 'STSGANJIL25268728', 'siswa', 1),
(15832930, 'STSGANJIL25268728', 'MUHAMMAD RAFAEL OBAMA', 'xipm2526', 'PM', 'K01030098249410', 'STSGANJIL25268728', 'siswa', 1),
(15845672, 'STSGANJIL25268728', 'MUHAMMAD RAIHAN FADLIL', 'xipm2526', 'PM', 'K01030098249413', 'STSGANJIL25268728', 'siswa', 1),
(15853765, 'STSGANJIL25268728', 'MUHAMMAD SYAH ROVI SUDARMAJI', 'xipm2526', 'PM', 'K01030098249408', 'STSGANJIL25268728', 'siswa', 1),
(15867885, 'STSGANJIL25268728', 'NAILA AMIRA AGUSTIN', 'xipm2526', 'PM', 'K01030098249412', 'STSGANJIL25268728', 'siswa', 1),
(15875556, 'STSGANJIL25268728', 'RESTU PRABAGAS', 'xipm2526', 'PM', 'K01030098249415', 'STSGANJIL25268728', 'siswa', 1),
(15886529, 'STSGANJIL25268728', 'RIFKI WAHYU SETIAWAN', 'xipm2526', 'PM', 'K01030098249416', 'STSGANJIL25268728', 'siswa', 1),
(15897526, 'STSGANJIL25268728', 'RIKO ULIL ABROR AL FATHONI', 'xipm2526', 'PM', 'K01030098249417', 'STSGANJIL25268728', 'siswa', 1),
(15901252, 'STSGANJIL25268728', 'RIZCY FEBRYAN VALENHAZ PANJAITAN', 'xipm2526', 'PM', 'K01030098249432', 'STSGANJIL25268728', 'siswa', 1),
(15918886, 'STSGANJIL25268728', 'RIZKIANO RONALDO', 'xipm2526', 'PM', 'K01030098249418', 'STSGANJIL25268728', 'siswa', 1),
(15925611, 'STSGANJIL25268728', 'SAFARAS AUFA AZALIA', 'xipm2526', 'PM', 'K01030098249419', 'STSGANJIL25268728', 'siswa', 1),
(15939876, 'STSGANJIL25268728', 'SAHRUL GUNAWAN', 'xipm2526', 'PM', 'K01030098249420', 'STSGANJIL25268728', 'siswa', 1),
(15945867, 'STSGANJIL25268728', 'SANDY SETIAWAN', 'xipm2526', 'PM', 'K01030098249421', 'STSGANJIL25268728', 'siswa', 1),
(15955134, 'STSGANJIL25268728', 'SEPTIAN DWI CAHAYA RAMADHAN', 'xipm2526', 'PM', 'K01030098249422', 'STSGANJIL25268728', 'siswa', 1),
(15968571, 'STSGANJIL25268728', 'SHAPY ALANSYACH', 'xipm2526', 'PM', 'K01030098249423', 'STSGANJIL25268728', 'siswa', 1),
(15979797, 'STSGANJIL25268728', 'SIVA ELVIAN JULIANTI', 'xipm2526', 'PM', 'K01030098249424', 'STSGANJIL25268728', 'siswa', 1),
(15983269, 'STSGANJIL25268728', 'TRI WINANTO', 'xipm2526', 'PM', 'K01030098249426', 'STSGANJIL25268728', 'siswa', 1),
(15999555, 'STSGANJIL25268728', 'VIVI WULANDARI', 'xipm2526', 'PM', 'K01030098249427', 'STSGANJIL25268728', 'siswa', 1),
(16003746, 'STSGANJIL25268728', 'WAHYU WIDODO', 'xipm2526', 'PM', 'K01030098249428', 'STSGANJIL25268728', 'siswa', 1),
(16017659, 'STSGANJIL25268728', 'YENNI ANGGRAENI', 'xipm2526', 'PM', 'K01030098249429', 'STSGANJIL25268728', 'siswa', 1),
(16029176, 'STSGANJIL25268728', 'YUDHA HERLAMBANG', 'xipm2526', 'PM', 'K01030098249430', 'STSGANJIL25268728', 'siswa', 1),
(16035504, 'STSGANJIL25268728', 'YULIZAH MAURA', 'xipm2526', 'PM', 'K01030098249431', 'STSGANJIL25268728', 'siswa', 1),
(16046598, 'STSGANJIL25268728', 'ADITYA FEBLISWANTO', 'xitjkt12526', 'TJKT', 'K01030098249058', 'STSGANJIL25268728', 'siswa', 1),
(16052520, 'STSGANJIL25268728', 'ALFATH YASSIN SAPUTRA', 'xitjkt12526', 'TJKT', 'K01030098249068', 'STSGANJIL25268728', 'siswa', 1),
(16064068, 'STSGANJIL25268728', 'ALFINSA HAIDAR KAFI', 'xitjkt12526', 'TJKT', 'K01030098249069', 'STSGANJIL25268728', 'siswa', 1),
(16075359, 'STSGANJIL25268728', 'ANGGA BARAKA PRATAMA', 'xitjkt12526', 'TJKT', 'K01030098249073', 'STSGANJIL25268728', 'siswa', 1),
(16089090, 'STSGANJIL25268728', 'ARIF MULIAWAN', 'xitjkt12526', 'TJKT', 'K01030098249074', 'STSGANJIL25268728', 'siswa', 1),
(16095527, 'STSGANJIL25268728', 'ATSAUBAN RABANI', 'xitjkt12526', 'TJKT', 'K01030098249078', 'STSGANJIL25268728', 'siswa', 1),
(16104764, 'STSGANJIL25268728', 'BERLIN HERIAWAN', 'xitjkt12526', 'TJKT', 'K01030098249080', 'STSGANJIL25268728', 'siswa', 1),
(16113059, 'STSGANJIL25268728', 'CHRISTOFER LIMUDIN', 'xitjkt12526', 'TJKT', 'K01030098249083', 'STSGANJIL25268728', 'siswa', 1),
(16122001, 'STSGANJIL25268728', 'DAFFA ARKANANTA RIVANO', 'xitjkt12526', 'TJKT', 'K01030098249084', 'STSGANJIL25268728', 'siswa', 1),
(16139460, 'STSGANJIL25268728', 'DAVA IBRAHIMOVIC', 'xitjkt12526', 'TJKT', 'K01030098249085', 'STSGANJIL25268728', 'siswa', 1),
(16145713, 'STSGANJIL25268728', 'DIMAS RAMADHAN', 'xitjkt12526', 'TJKT', 'K01030098249090', 'STSGANJIL25268728', 'siswa', 1),
(16152847, 'STSGANJIL25268728', 'FAHRI PRASETYO', 'xitjkt12526', 'TJKT', 'K01030098249093', 'STSGANJIL25268728', 'siswa', 1),
(16163952, 'STSGANJIL25268728', 'FAJAR GALIH PERMANA', 'xitjkt12526', 'TJKT', 'K01030098249095', 'STSGANJIL25268728', 'siswa', 1),
(16174416, 'STSGANJIL25268728', 'FEBRI APRIYANTO', 'xitjkt12526', 'TJKT', 'K01030098249102', 'STSGANJIL25268728', 'siswa', 1),
(16186872, 'STSGANJIL25268728', 'GABRIL AHMAD EL RASYID', 'xitjkt12526', 'TJKT', 'K01030098249103', 'STSGANJIL25268728', 'siswa', 1),
(16197117, 'STSGANJIL25268728', 'HAFIDZ TYO NUGROHO', 'xitjkt12526', 'TJKT', 'K01030098249108', 'STSGANJIL25268728', 'siswa', 1),
(16209691, 'STSGANJIL25268728', 'ISHAK MARSELINO BAUN', 'xitjkt12526', 'TJKT', 'K01030098249113', 'STSGANJIL25268728', 'siswa', 1),
(16219100, 'STSGANJIL25268728', 'KAUTSAR ILHAM RIADI', 'xitjkt12526', 'TJKT', 'K01030098249114', 'STSGANJIL25268728', 'siswa', 1),
(16226120, 'STSGANJIL25268728', 'KURNIAWAN RIZKY SAHROJI', 'xitjkt12526', 'TJKT', 'K01030098249116', 'STSGANJIL25268728', 'siswa', 1),
(16233792, 'STSGANJIL25268728', 'M. RIONALDI PUTRA PRATAMA', 'xitjkt12526', 'TJKT', 'K01030098249119', 'STSGANJIL25268728', 'siswa', 1),
(16246474, 'STSGANJIL25268728', 'MICHAEL TULUS ARTANTO PANGARIBUAN', 'xitjkt12526', 'TJKT', 'K01030098249120', 'STSGANJIL25268728', 'siswa', 1),
(16257132, 'STSGANJIL25268728', 'MOHAMAD ALI REZA MARPAUNG', 'xitjkt12526', 'TJKT', 'K01030098249121', 'STSGANJIL25268728', 'siswa', 1),
(16263888, 'STSGANJIL25268728', 'MUHAMAD ALGI FAHRI', 'xitjkt12526', 'TJKT', 'K01030098249125', 'STSGANJIL25268728', 'siswa', 1),
(16279679, 'STSGANJIL25268728', 'MUHAMAD FATUR ROHMAN', 'xitjkt12526', 'TJKT', 'K01030098249126', 'STSGANJIL25268728', 'siswa', 1),
(16282675, 'STSGANJIL25268728', 'MUHAMAD RAFFI PRATAMA', 'xitjkt12526', 'TJKT', 'K01030098249129', 'STSGANJIL25268728', 'siswa', 1),
(16299795, 'STSGANJIL25268728', 'NANDI RISMAN MAULANA', 'xitjkt12526', 'TJKT', 'K01030098249150', 'STSGANJIL25268728', 'siswa', 1),
(16308285, 'STSGANJIL25268728', 'NAUFAL NAJMI NASRULLAH', 'xitjkt12526', 'TJKT', 'K01030098249153', 'STSGANJIL25268728', 'siswa', 1),
(16313499, 'STSGANJIL25268728', 'NIELSON VINELIUS', 'xitjkt12526', 'TJKT', 'K01030098249154', 'STSGANJIL25268728', 'siswa', 1),
(16327316, 'STSGANJIL25268728', 'PUTRA AISKA IBRAHIM', 'xitjkt12526', 'TJKT', 'K01030098249161', 'STSGANJIL25268728', 'siswa', 1),
(16331748, 'STSGANJIL25268728', 'RAEHAN PUTRA ARDYANSYAH', 'xitjkt12526', 'TJKT', 'K01030098249162', 'STSGANJIL25268728', 'siswa', 1),
(16346740, 'STSGANJIL25268728', 'RANDI PRATAMA', 'xitjkt12526', 'TJKT', 'K01030098249168', 'STSGANJIL25268728', 'siswa', 1),
(16356670, 'STSGANJIL25268728', 'RAYHAN TRIKRISTIANTO', 'xitjkt12526', 'TJKT', 'K01030098249169', 'STSGANJIL25268728', 'siswa', 1),
(16363108, 'STSGANJIL25268728', 'RIHDZA ARFARIDZI', 'xitjkt12526', 'TJKT', 'K01030098249172', 'STSGANJIL25268728', 'siswa', 1),
(16376358, 'STSGANJIL25268728', 'RIO ANGGARA', 'xitjkt12526', 'TJKT', 'K01030098249173', 'STSGANJIL25268728', 'siswa', 1),
(16383337, 'STSGANJIL25268728', 'RIZKI SAPUTRA', 'xitjkt12526', 'TJKT', 'K01030098249177', 'STSGANJIL25268728', 'siswa', 1),
(16397136, 'STSGANJIL25268728', 'SAKIRA RAFA LUTFHIANA', 'xitjkt12526', 'TJKT', 'K01030098249181', 'STSGANJIL25268728', 'siswa', 1),
(16408606, 'STSGANJIL25268728', 'SEPTIAN RAHMADANI', 'xitjkt12526', 'TJKT', 'K01030098249182', 'STSGANJIL25268728', 'siswa', 1),
(16414103, 'STSGANJIL25268728', 'SISWAN REGIANTAMA', 'xitjkt12526', 'TJKT', 'K01030098249183', 'STSGANJIL25268728', 'siswa', 1),
(16426342, 'STSGANJIL25268728', 'STEVEN IRFAN ROMMADHONI', 'xitjkt12526', 'TJKT', 'K01030098249184', 'STSGANJIL25268728', 'siswa', 1),
(16437944, 'STSGANJIL25268728', 'SUHENDAR', 'xitjkt12526', 'TJKT', 'K01030098249185', 'STSGANJIL25268728', 'siswa', 1),
(16448178, 'STSGANJIL25268728', 'UJANG AKBAR MAULANA', 'xitjkt12526', 'TJKT', 'K01030098249189', 'STSGANJIL25268728', 'siswa', 1),
(16459178, 'STSGANJIL25268728', 'ZULKIFLI MUKHTAR WIJAYA', 'xitjkt12526', 'TJKT', 'K01030098249433', 'STSGANJIL25268728', 'siswa', 1),
(16463291, 'STSGANJIL25268728', 'ADITYA PUTRA PRATAMA', 'xitjkt22526', 'TJKT', 'K01030098249060', 'STSGANJIL25268728', 'siswa', 1),
(16478901, 'STSGANJIL25268728', 'AFGHAN FIRMANSYAH', 'xitjkt22526', 'TJKT', 'K01030098249062', 'STSGANJIL25268728', 'siswa', 1),
(16485817, 'STSGANJIL25268728', 'AGUSTIA SYABANI', 'xitjkt22526', 'TJKT', 'K01030098249064', 'STSGANJIL25268728', 'siswa', 1),
(16494709, 'STSGANJIL25268728', 'AHMAD ABDUL GHANDI', 'xitjkt22526', 'TJKT', 'K01030098249065', 'STSGANJIL25268728', 'siswa', 1),
(16506297, 'STSGANJIL25268728', 'AHMAD NAWAWI', 'xitjkt22526', 'TJKT', 'K01030098249066', 'STSGANJIL25268728', 'siswa', 1),
(16516502, 'STSGANJIL25268728', 'ASIF LUTFI', 'xitjkt22526', 'TJKT', 'K01030098249077', 'STSGANJIL25268728', 'siswa', 1),
(16521826, 'STSGANJIL25268728', 'BAGAS NOVAN TRI SANTOSO', 'xitjkt22526', 'TJKT', 'K01030098249079', 'STSGANJIL25268728', 'siswa', 1),
(16535729, 'STSGANJIL25268728', 'DEDE ILYAS', 'xitjkt22526', 'TJKT', 'K01030098249086', 'STSGANJIL25268728', 'siswa', 1),
(16545185, 'STSGANJIL25268728', 'DIAZ PERMANA', 'xitjkt22526', 'TJKT', 'K01030098249088', 'STSGANJIL25268728', 'siswa', 1),
(16552278, 'STSGANJIL25268728', 'FAJAR PRATAMA MUHAMMAD RASO', 'xitjkt22526', 'TJKT', 'K01030098249096', 'STSGANJIL25268728', 'siswa', 1),
(16569316, 'STSGANJIL25268728', 'FARREL EKA ANDINE', 'xitjkt22526', 'TJKT', 'K01030098249098', 'STSGANJIL25268728', 'siswa', 1),
(16577911, 'STSGANJIL25268728', 'FAUZHAN BAKRIE ALKHAFI', 'xitjkt22526', 'TJKT', 'K01030098249100', 'STSGANJIL25268728', 'siswa', 1),
(16583753, 'STSGANJIL25268728', 'FAWWAZ GHALY AL GIFARI', 'xitjkt22526', 'TJKT', 'K01030098249101', 'STSGANJIL25268728', 'siswa', 1),
(16597392, 'STSGANJIL25268728', 'GALIH MAHMUD SYAHPUTRA', 'xitjkt22526', 'TJKT', 'K01030098249106', 'STSGANJIL25268728', 'siswa', 1),
(16607880, 'STSGANJIL25268728', 'HAFID HADIANSYAH', 'xitjkt22526', 'TJKT', 'K01030098249107', 'STSGANJIL25268728', 'siswa', 1),
(16613998, 'STSGANJIL25268728', 'HENDY GUNAWAN', 'xitjkt22526', 'TJKT', 'K01030098249109', 'STSGANJIL25268728', 'siswa', 1),
(16629003, 'STSGANJIL25268728', 'IDZWAN BAIHAQI', 'xitjkt22526', 'TJKT', 'K01030098249110', 'STSGANJIL25268728', 'siswa', 1),
(16633325, 'STSGANJIL25268728', 'ILHAM ARYA WINATA', 'xitjkt22526', 'TJKT', 'K01030098249111', 'STSGANJIL25268728', 'siswa', 1),
(16644319, 'STSGANJIL25268728', 'KEMAL YAHYA', 'xitjkt22526', 'TJKT', 'K01030098249115', 'STSGANJIL25268728', 'siswa', 1),
(16653812, 'STSGANJIL25268728', 'M.BAEENAL CHAFID', 'xitjkt22526', 'TJKT', 'K01030098249118', 'STSGANJIL25268728', 'siswa', 1),
(16663896, 'STSGANJIL25268728', 'MUCHAMAD ALVARIZI', 'xitjkt22526', 'TJKT', 'K01030098249122', 'STSGANJIL25268728', 'siswa', 1),
(16672557, 'STSGANJIL25268728', 'MUHAMAD IBRAHIM', 'xitjkt22526', 'TJKT', 'K01030098249127', 'STSGANJIL25268728', 'siswa', 1),
(16683538, 'STSGANJIL25268728', 'MUHAMAD RIDHO FINANSYAH', 'xitjkt22526', 'TJKT', 'K01030098249131', 'STSGANJIL25268728', 'siswa', 1),
(16695207, 'STSGANJIL25268728', 'MUHAMMAD FAKHRAJ ABDILLAH', 'xitjkt22526', 'TJKT', 'K01030098249139', 'STSGANJIL25268728', 'siswa', 1),
(16702109, 'STSGANJIL25268728', 'MUHAMMAD FAZRI', 'xitjkt22526', 'TJKT', 'K01030098249141', 'STSGANJIL25268728', 'siswa', 1),
(16718842, 'STSGANJIL25268728', 'MUHAMMAD FIRDZI', 'xitjkt22526', 'TJKT', 'K01030098249142', 'STSGANJIL25268728', 'siswa', 1),
(16727547, 'STSGANJIL25268728', 'MUHAMMAD ILHAM TRI ANDHIKA', 'xitjkt22526', 'TJKT', 'K01030098249143', 'STSGANJIL25268728', 'siswa', 1),
(16731634, 'STSGANJIL25268728', 'MUHAMMAD KHOIRUL RIZAL', 'xitjkt22526', 'TJKT', 'K01030098249145', 'STSGANJIL25268728', 'siswa', 1),
(16745697, 'STSGANJIL25268728', 'NASHRUL AUFA RIYADI', 'xitjkt22526', 'TJKT', 'K01030098249151', 'STSGANJIL25268728', 'siswa', 1),
(16755372, 'STSGANJIL25268728', 'NATHAN AGHEL SEBASTIAN', 'xitjkt22526', 'TJKT', 'K01030098249152', 'STSGANJIL25268728', 'siswa', 1),
(16763504, 'STSGANJIL25268728', 'NUR IKHSAN', 'xitjkt22526', 'TJKT', 'K01030098249156', 'STSGANJIL25268728', 'siswa', 1),
(16771586, 'STSGANJIL25268728', 'PANJI SETYAWAN', 'xitjkt22526', 'TJKT', 'K01030098249158', 'STSGANJIL25268728', 'siswa', 1),
(16787906, 'STSGANJIL25268728', 'PATO RAMIZ HASYID', 'xitjkt22526', 'TJKT', 'K01030098249159', 'STSGANJIL25268728', 'siswa', 1),
(16796241, 'STSGANJIL25268728', 'RAHLIL KUNTA BAYU WASKITA', 'xitjkt22526', 'TJKT', 'K01030098249166', 'STSGANJIL25268728', 'siswa', 1),
(16802363, 'STSGANJIL25268728', 'RENDY AKBAR PRATAMA', 'xitjkt22526', 'TJKT', 'K01030098249170', 'STSGANJIL25268728', 'siswa', 1),
(16812412, 'STSGANJIL25268728', 'RIO HADINATA', 'xitjkt22526', 'TJKT', 'K01030098249174', 'STSGANJIL25268728', 'siswa', 1),
(16821603, 'STSGANJIL25268728', 'RIZAL ADITYA PRASETYO', 'xitjkt22526', 'TJKT', 'K01030098249175', 'STSGANJIL25268728', 'siswa', 1),
(16835613, 'STSGANJIL25268728', 'RIZIEQ GIBRANI AZZAM', 'xitjkt22526', 'TJKT', 'K01030098249176', 'STSGANJIL25268728', 'siswa', 1),
(16848539, 'STSGANJIL25268728', 'SYAHRAN RAMADHAN', 'xitjkt22526', 'TJKT', 'K01030098249187', 'STSGANJIL25268728', 'siswa', 1),
(16857686, 'STSGANJIL25268728', 'YUSUF ABDUL HAKIM', 'xitjkt22526', 'TJKT', 'K01030098249190', 'STSGANJIL25268728', 'siswa', 1),
(16869009, 'STSGANJIL25268728', 'ACHMAD FURQON AL FALLAKHI', 'xitjkt32526', 'TJKT', 'K01030098249057', 'STSGANJIL25268728', 'siswa', 1),
(16873331, 'STSGANJIL25268728', 'ADITYA KHESYAR RAMDAN NUGRAHA', 'xitjkt32526', 'TJKT', 'K01030098249059', 'STSGANJIL25268728', 'siswa', 1),
(16889862, 'STSGANJIL25268728', 'AGUNG PRIYATNA', 'xitjkt32526', 'TJKT', 'K01030098249063', 'STSGANJIL25268728', 'siswa', 1),
(16895233, 'STSGANJIL25268728', 'ALFAJAR RAMADHAN', 'xitjkt32526', 'TJKT', 'K01030098249067', 'STSGANJIL25268728', 'siswa', 1),
(16907256, 'STSGANJIL25268728', 'ALVINO RAFA ARDHIAN', 'xitjkt32526', 'TJKT', 'K01030098249071', 'STSGANJIL25268728', 'siswa', 1),
(16915699, 'STSGANJIL25268728', 'ANDIKA PUTRA ISKANDAR', 'xitjkt32526', 'TJKT', 'K01030098249072', 'STSGANJIL25268728', 'siswa', 1),
(16926017, 'STSGANJIL25268728', 'ARJUNA DIRGANTARA', 'xitjkt32526', 'TJKT', 'K01030098249075', 'STSGANJIL25268728', 'siswa', 1),
(16939898, 'STSGANJIL25268728', 'ARKA RAMDHAN SEPTIAN', 'xitjkt32526', 'TJKT', 'K01030098249076', 'STSGANJIL25268728', 'siswa', 1),
(16945992, 'STSGANJIL25268728', 'BUDI MULYANTO', 'xitjkt32526', 'TJKT', 'K01030098249081', 'STSGANJIL25268728', 'siswa', 1),
(16954346, 'STSGANJIL25268728', 'CHRISTIAN CHANDRA', 'xitjkt32526', 'TJKT', 'K01030098249082', 'STSGANJIL25268728', 'siswa', 1),
(16969166, 'STSGANJIL25268728', 'DHIKA AHLAN FATIH', 'xitjkt32526', 'TJKT', 'K01030098249087', 'STSGANJIL25268728', 'siswa', 1),
(16979438, 'STSGANJIL25268728', 'DIKA ARDIYANSYAH', 'xitjkt32526', 'TJKT', 'K01030098249089', 'STSGANJIL25268728', 'siswa', 1),
(16986280, 'STSGANJIL25268728', 'EGI NOFRIANSYAH', 'xitjkt32526', 'TJKT', 'K01030098249091', 'STSGANJIL25268728', 'siswa', 1),
(16991228, 'STSGANJIL25268728', 'FAHRI FAILA', 'xitjkt32526', 'TJKT', 'K01030098249092', 'STSGANJIL25268728', 'siswa', 1),
(17006879, 'STSGANJIL25268728', 'FAIZ RAHMATULLOH', 'xitjkt32526', 'TJKT', 'K01030098249094', 'STSGANJIL25268728', 'siswa', 1),
(17018381, 'STSGANJIL25268728', 'FAJAR SETIAWAN', 'xitjkt32526', 'TJKT', 'K01030098249097', 'STSGANJIL25268728', 'siswa', 1),
(17029399, 'STSGANJIL25268728', 'GALIH FATIHAH CANDRA', 'xitjkt32526', 'TJKT', 'K01030098249105', 'STSGANJIL25268728', 'siswa', 1),
(17033866, 'STSGANJIL25268728', 'IQBAL NABIL AMRULLOH', 'xitjkt32526', 'TJKT', 'K01030098249112', 'STSGANJIL25268728', 'siswa', 1),
(17043989, 'STSGANJIL25268728', 'LUTFI SYI\'ARUDIN NUR HABBIBI', 'xitjkt32526', 'TJKT', 'K01030098249117', 'STSGANJIL25268728', 'siswa', 1),
(17059329, 'STSGANJIL25268728', 'MUHAMAD AGUS SAPUTRA', 'xitjkt32526', 'TJKT', 'K01030098249123', 'STSGANJIL25268728', 'siswa', 1),
(17065329, 'STSGANJIL25268728', 'MUHAMAD ALFIANSYAH ALI', 'xitjkt32526', 'TJKT', 'K01030098249124', 'STSGANJIL25268728', 'siswa', 1),
(17071436, 'STSGANJIL25268728', 'MUHAMAD RIZKY ADITYA', 'xitjkt32526', 'TJKT', 'K01030098249132', 'STSGANJIL25268728', 'siswa', 1),
(17083546, 'STSGANJIL25268728', 'MUHAMMAD ARVA FIKRI YULIANTO', 'xitjkt32526', 'TJKT', 'K01030098249134', 'STSGANJIL25268728', 'siswa', 1),
(17096086, 'STSGANJIL25268728', 'MUHAMMAD CANDRA SAPUTRA', 'xitjkt32526', 'TJKT', 'K01030098249135', 'STSGANJIL25268728', 'siswa', 1),
(17102478, 'STSGANJIL25268728', 'MUHAMMAD FAIK FADILLAH', 'xitjkt32526', 'TJKT', 'K01030098249137', 'STSGANJIL25268728', 'siswa', 1),
(17111290, 'STSGANJIL25268728', 'MUHAMMAD FAJAR MAULANA', 'xitjkt32526', 'TJKT', 'K01030098249138', 'STSGANJIL25268728', 'siswa', 1),
(17124968, 'STSGANJIL25268728', 'MUHAMMAD FATHUR ROHMAN', 'xitjkt32526', 'TJKT', 'K01030098249140', 'STSGANJIL25268728', 'siswa', 1),
(17139640, 'STSGANJIL25268728', 'MUHAMMAD IRVAN', 'xitjkt32526', 'TJKT', 'K01030098249144', 'STSGANJIL25268728', 'siswa', 1),
(17141635, 'STSGANJIL25268728', 'MUHAMMAD PUTRA PRAYOGA', 'xitjkt32526', 'TJKT', 'K01030098249128', 'STSGANJIL25268728', 'siswa', 1),
(17151894, 'STSGANJIL25268728', 'MUHAMMAD RAHIL ISLAMI', 'xitjkt32526', 'TJKT', 'K01030098249146', 'STSGANJIL25268728', 'siswa', 1),
(17163425, 'STSGANJIL25268728', 'MUHAMMAD RENALDY SETIAWAN', 'xitjkt32526', 'TJKT', 'K01030098249147', 'STSGANJIL25268728', 'siswa', 1),
(17178708, 'STSGANJIL25268728', 'MUHAMMAD RULI ZALFIAN', 'xitjkt32526', 'TJKT', 'K01030098249148', 'STSGANJIL25268728', 'siswa', 1),
(17187931, 'STSGANJIL25268728', 'MUHAMMAD SAPUTRA APRIANSA', 'xitjkt32526', 'TJKT', 'K01030098249149', 'STSGANJIL25268728', 'siswa', 1),
(17198454, 'STSGANJIL25268728', 'NOVAN ADITYA PRADANA', 'xitjkt32526', 'TJKT', 'K01030098249155', 'STSGANJIL25268728', 'siswa', 1),
(17204723, 'STSGANJIL25268728', 'PADLI APRILIANSYAH', 'xitjkt32526', 'TJKT', 'K01030098249157', 'STSGANJIL25268728', 'siswa', 1),
(17217655, 'STSGANJIL25268728', 'PRADIKA CHANDRA', 'xitjkt32526', 'TJKT', 'K01030098249160', 'STSGANJIL25268728', 'siswa', 1),
(17225747, 'STSGANJIL25268728', 'RAFAEL AHZA SIMALANGO', 'xitjkt32526', 'TJKT', 'K01030098249163', 'STSGANJIL25268728', 'siswa', 1),
(17233992, 'STSGANJIL25268728', 'RAFLI ERI ARYANTO', 'xitjkt32526', 'TJKT', 'K01030098249164', 'STSGANJIL25268728', 'siswa', 1),
(17249327, 'STSGANJIL25268728', 'RAHSA RAMADHANA', 'xitjkt32526', 'TJKT', 'K01030098249167', 'STSGANJIL25268728', 'siswa', 1),
(17257563, 'STSGANJIL25268728', 'REVALDO', 'xitjkt32526', 'TJKT', 'K01030098249171', 'STSGANJIL25268728', 'siswa', 1),
(17268868, 'STSGANJIL25268728', 'RIZKY FIRMANSYAH', 'xitjkt32526', 'TJKT', 'K01030098249178', 'STSGANJIL25268728', 'siswa', 1),
(17276486, 'STSGANJIL25268728', 'RIZQI ABDUL MAJID', 'xitjkt32526', 'TJKT', 'K01030098249179', 'STSGANJIL25268728', 'siswa', 1),
(17281117, 'STSGANJIL25268728', 'RIZQI FADHILLAH', 'xitjkt32526', 'TJKT', 'K01030098249180', 'STSGANJIL25268728', 'siswa', 1),
(17293360, 'STSGANJIL25268728', 'SYAFRIANSAH FAHRUL ZAKY', 'xitjkt32526', 'TJKT', 'K01030098249186', 'STSGANJIL25268728', 'siswa', 1),
(17306338, 'STSGANJIL25268728', 'TRI DASTA', 'xitjkt32526', 'TJKT', 'K01030098249188', 'STSGANJIL25268728', 'siswa', 1),
(17317945, 'STSGANJIL25268728', 'ABDUL RAHMAN AS SAMI', 'xiiakl12526', 'AKL', 'K01030098238776', 'STSGANJIL25268728', 'siswa', 1),
(17322246, 'STSGANJIL25268728', 'AFRILIANI', 'xiiakl12526', 'AKL', 'K01030098238779', 'STSGANJIL25268728', 'siswa', 1),
(17331320, 'STSGANJIL25268728', 'AHMAD DWI ILHAM', 'xiiakl12526', 'AKL', 'K01030098238780', 'STSGANJIL25268728', 'siswa', 1),
(17341781, 'STSGANJIL25268728', 'AHMAD RASYA PRAYOGA', 'xiiakl12526', 'AKL', 'K01030098238782', 'STSGANJIL25268728', 'siswa', 1),
(17358843, 'STSGANJIL25268728', 'AJI PRASETIYO', 'xiiakl12526', 'AKL', 'K01030098238783', 'STSGANJIL25268728', 'siswa', 1),
(17369778, 'STSGANJIL25268728', 'ALDO PRATAMA', 'xiiakl12526', 'AKL', 'K01030098238784', 'STSGANJIL25268728', 'siswa', 1),
(17375198, 'STSGANJIL25268728', 'ALIF RAMADHONA', 'xiiakl12526', 'AKL', 'K01030098238785', 'STSGANJIL25268728', 'siswa', 1),
(17386224, 'STSGANJIL25268728', 'AMELIA ANGGRAENI', 'xiiakl12526', 'AKL', 'K01030098238786', 'STSGANJIL25268728', 'siswa', 1),
(17397998, 'STSGANJIL25268728', 'AQILLA RAFA AMELIA', 'xiiakl12526', 'AKL', 'K01030098238789', 'STSGANJIL25268728', 'siswa', 1),
(17404218, 'STSGANJIL25268728', 'AULIA AZIZAH', 'xiiakl12526', 'AKL', 'K01030098238792', 'STSGANJIL25268728', 'siswa', 1),
(17412807, 'STSGANJIL25268728', 'BAYU AJI PRATAMA', 'xiiakl12526', 'AKL', 'K01030098238793', 'STSGANJIL25268728', 'siswa', 1),
(17427989, 'STSGANJIL25268728', 'CESYAR RAMADHAN', 'xiiakl12526', 'AKL', 'K01030098238794', 'STSGANJIL25268728', 'siswa', 1),
(17438591, 'STSGANJIL25268728', 'CHELSEA NAFISA', 'xiiakl12526', 'AKL', 'K01030098238795', 'STSGANJIL25268728', 'siswa', 1),
(17444867, 'STSGANJIL25268728', 'DAVINA NAZILLA ZALFA', 'xiiakl12526', 'AKL', 'K01030098238798', 'STSGANJIL25268728', 'siswa', 1),
(17454594, 'STSGANJIL25268728', 'DEALOVA YOCHIKA', 'xiiakl12526', 'AKL', 'K01030098238801', 'STSGANJIL25268728', 'siswa', 1),
(17464910, 'STSGANJIL25268728', 'DELA NUR AZIZAH', 'xiiakl12526', 'AKL', 'K01030098238803', 'STSGANJIL25268728', 'siswa', 1),
(17473097, 'STSGANJIL25268728', 'DELLA PUSPITA SARI', 'xiiakl12526', 'AKL', 'K01030098238804', 'STSGANJIL25268728', 'siswa', 1),
(17488466, 'STSGANJIL25268728', 'DIKA JULISTIAN', 'xiiakl12526', 'AKL', 'K01030098238808', 'STSGANJIL25268728', 'siswa', 1),
(17493556, 'STSGANJIL25268728', 'EKA NOVIA ALYZKA', 'xiiakl12526', 'AKL', 'K01030098238810', 'STSGANJIL25268728', 'siswa', 1),
(17509333, 'STSGANJIL25268728', 'ELSAH RAMADHANI', 'xiiakl12526', 'AKL', 'K01030098238812', 'STSGANJIL25268728', 'siswa', 1),
(17514170, 'STSGANJIL25268728', 'FAIZAL AKHMAD FAKHREZI', 'xiiakl12526', 'AKL', 'K01030098238814', 'STSGANJIL25268728', 'siswa', 1),
(17525580, 'STSGANJIL25268728', 'GILANG SAPUTRA', 'xiiakl12526', 'AKL', 'K01030098238816', 'STSGANJIL25268728', 'siswa', 1),
(17539166, 'STSGANJIL25268728', 'HANDOKO DWI OKTAVIANA', 'xiiakl12526', 'AKL', 'K01030098239052', 'STSGANJIL25268728', 'siswa', 1),
(17543337, 'STSGANJIL25268728', 'JULIA RAHMAWATI', 'xiiakl12526', 'AKL', 'K01030098238820', 'STSGANJIL25268728', 'siswa', 1),
(17553243, 'STSGANJIL25268728', 'KAILA ZAHRA', 'xiiakl12526', 'AKL', 'K01030098238821', 'STSGANJIL25268728', 'siswa', 1),
(17567476, 'STSGANJIL25268728', 'KHESYA HARYANTI', 'xiiakl12526', 'AKL', 'K01030098238823', 'STSGANJIL25268728', 'siswa', 1),
(17572247, 'STSGANJIL25268728', 'MALA RAMADANI', 'xiiakl12526', 'AKL', 'K01030098238825', 'STSGANJIL25268728', 'siswa', 1),
(17585673, 'STSGANJIL25268728', 'MEGA APRILIA ANGGREINI', 'xiiakl12526', 'AKL', 'K01030098238827', 'STSGANJIL25268728', 'siswa', 1),
(17594307, 'STSGANJIL25268728', 'MELISA NADIA PUTRI', 'xiiakl12526', 'AKL', 'K01030098238829', 'STSGANJIL25268728', 'siswa', 1),
(17608879, 'STSGANJIL25268728', 'MUHAMMAD KHOLIK', 'xiiakl12526', 'AKL', 'K01030098238833', 'STSGANJIL25268728', 'siswa', 1),
(17613750, 'STSGANJIL25268728', 'MUHAMMAD NUR ILHAM', 'xiiakl12526', 'AKL', 'K01030098238834', 'STSGANJIL25268728', 'siswa', 1),
(17627936, 'STSGANJIL25268728', 'PUSPITA ANGGRAENI MARETA', 'xiiakl12526', 'AKL', 'K01030098238844', 'STSGANJIL25268728', 'siswa', 1),
(17632459, 'STSGANJIL25268728', 'RAISYAH IRAWAN', 'xiiakl12526', 'AKL', 'K01030098238846', 'STSGANJIL25268728', 'siswa', 1),
(17644800, 'STSGANJIL25268728', 'RISKA AMELIA', 'xiiakl12526', 'AKL', 'K01030098238848', 'STSGANJIL25268728', 'siswa', 1),
(17653870, 'STSGANJIL25268728', 'SAGITA TRI CAHYANI', 'xiiakl12526', 'AKL', 'K01030098238852', 'STSGANJIL25268728', 'siswa', 1),
(17667432, 'STSGANJIL25268728', 'SALSA ARIESTY PRATAMA', 'xiiakl12526', 'AKL', 'K01030098238854', 'STSGANJIL25268728', 'siswa', 1),
(17674328, 'STSGANJIL25268728', 'SITI HANIIFAH', 'xiiakl12526', 'AKL', 'K01030098238856', 'STSGANJIL25268728', 'siswa', 1),
(17686570, 'STSGANJIL25268728', 'VIOLLETTE GABRIELA CHRISANTA', 'xiiakl12526', 'AKL', 'K01030098238859', 'STSGANJIL25268728', 'siswa', 1),
(17696619, 'STSGANJIL25268728', 'WILLIAM ELGIE FEDROSA', 'xiiakl12526', 'AKL', 'K01030098238861', 'STSGANJIL25268728', 'siswa', 1),
(17706102, 'STSGANJIL25268728', 'YENNY', 'xiiakl12526', 'AKL', 'K01030098238863', 'STSGANJIL25268728', 'siswa', 1),
(17713680, 'STSGANJIL25268728', 'ZAHRA AL RIZKY ARTA', 'xiiakl12526', 'AKL', 'K01030098238866', 'STSGANJIL25268728', 'siswa', 1),
(17727960, 'STSGANJIL25268728', 'ADITIYA FIRMANSYAH', 'xiiakl22526', 'AKL', 'K01030098238777', 'STSGANJIL25268728', 'siswa', 1),
(17738680, 'STSGANJIL25268728', 'AFIFAH PERWITA SARI', 'xiiakl22526', 'AKL', 'K01030098238778', 'STSGANJIL25268728', 'siswa', 1),
(17747478, 'STSGANJIL25268728', 'AHMAD MAULANA MARCEL', 'xiiakl22526', 'AKL', 'K01030098238781', 'STSGANJIL25268728', 'siswa', 1),
(17757680, 'STSGANJIL25268728', 'ANANG TRIYULIANTO', 'xiiakl22526', 'AKL', 'K01030098238787', 'STSGANJIL25268728', 'siswa', 1),
(17767258, 'STSGANJIL25268728', 'ANISAH FITRI', 'xiiakl22526', 'AKL', 'K01030098238788', 'STSGANJIL25268728', 'siswa', 1),
(17775090, 'STSGANJIL25268728', 'ARDI SAPUTRA', 'xiiakl22526', 'AKL', 'K01030098238790', 'STSGANJIL25268728', 'siswa', 1),
(17789271, 'STSGANJIL25268728', 'ARINI WULANDARI', 'xiiakl22526', 'AKL', 'K01030098238791', 'STSGANJIL25268728', 'siswa', 1),
(17795909, 'STSGANJIL25268728', 'DAMAR NOPRIANSAH', 'xiiakl22526', 'AKL', 'K01030098238797', 'STSGANJIL25268728', 'siswa', 1),
(17805552, 'STSGANJIL25268728', 'DEA SAFITRI', 'xiiakl22526', 'AKL', 'K01030098238799', 'STSGANJIL25268728', 'siswa', 1),
(17812534, 'STSGANJIL25268728', 'DEACY PUTRI AULIA', 'xiiakl22526', 'AKL', 'K01030098238800', 'STSGANJIL25268728', 'siswa', 1),
(17823732, 'STSGANJIL25268728', 'DEFAN AHMAD NURKHOLIS', 'xiiakl22526', 'AKL', 'K01030098238802', 'STSGANJIL25268728', 'siswa', 1),
(17831214, 'STSGANJIL25268728', 'DESLYANA SAFITRI', 'xiiakl22526', 'AKL', 'K01030098238805', 'STSGANJIL25268728', 'siswa', 1),
(17841616, 'STSGANJIL25268728', 'DEWI JULIANTI SAPITRI', 'xiiakl22526', 'AKL', 'K01030098238806', 'STSGANJIL25268728', 'siswa', 1),
(17859750, 'STSGANJIL25268728', 'DEWI SOFIA KUNUPUS', 'xiiakl22526', 'AKL', 'K01030098238807', 'STSGANJIL25268728', 'siswa', 1),
(17865318, 'STSGANJIL25268728', 'DWI SUSILAWATI', 'xiiakl22526', 'AKL', 'K01030098238809', 'STSGANJIL25268728', 'siswa', 1),
(17873741, 'STSGANJIL25268728', 'FAHRY ARDIANSYAH', 'xiiakl22526', 'AKL', 'K01030098238813', 'STSGANJIL25268728', 'siswa', 1),
(17883391, 'STSGANJIL25268728', 'GHEA PEBRIANA', 'xiiakl22526', 'AKL', 'K01030098238815', 'STSGANJIL25268728', 'siswa', 1),
(17891830, 'STSGANJIL25268728', 'HENNY KALINA', 'xiiakl22526', 'AKL', 'K01030098238817', 'STSGANJIL25268728', 'siswa', 1),
(17909659, 'STSGANJIL25268728', 'HILAL RAMDHANI', 'xiiakl22526', 'AKL', 'K01030098238818', 'STSGANJIL25268728', 'siswa', 1),
(17915030, 'STSGANJIL25268728', 'KEYSA PUTRI MELANDRI', 'xiiakl22526', 'AKL', 'K01030098238822', 'STSGANJIL25268728', 'siswa', 1),
(17929584, 'STSGANJIL25268728', 'M FERZIANSYAH SAPUTRA', 'xiiakl22526', 'AKL', 'K01030098238824', 'STSGANJIL25268728', 'siswa', 1);
INSERT INTO `a_siswa` (`id`, `no_peserta`, `nama_siswa`, `kelas`, `jurusan`, `username`, `password`, `level`, `status`) VALUES
(17937032, 'STSGANJIL25268728', 'MARSYA HALWA MARITZA', 'xiiakl22526', 'AKL', 'K01030098238826', 'STSGANJIL25268728', 'siswa', 1),
(17943573, 'STSGANJIL25268728', 'MELIFTIANI', 'xiiakl22526', 'AKL', 'K01030098238828', 'STSGANJIL25268728', 'siswa', 1),
(17951341, 'STSGANJIL25268728', 'MUHAMAD FAHREZY FAIRUS', 'xiiakl22526', 'AKL', 'K01030098238830', 'STSGANJIL25268728', 'siswa', 1),
(17967312, 'STSGANJIL25268728', 'MUHAMAD RIZAL YUSWANTO', 'xiiakl22526', 'AKL', 'K01030098238831', 'STSGANJIL25268728', 'siswa', 1),
(17979152, 'STSGANJIL25268728', 'MUHAMMAD FAHRIF', 'xiiakl22526', 'AKL', 'K01030098238832', 'STSGANJIL25268728', 'siswa', 1),
(17984347, 'STSGANJIL25268728', 'MUHAMMAD RIFALDIANSYAH', 'xiiakl22526', 'AKL', 'K01030098238835', 'STSGANJIL25268728', 'siswa', 1),
(17998141, 'STSGANJIL25268728', 'NABILA DWI LESTARI', 'xiiakl22526', 'AKL', 'K01030098238836', 'STSGANJIL25268728', 'siswa', 1),
(18007039, 'STSGANJIL25268728', 'NAYNA MULYANI', 'xiiakl22526', 'AKL', 'K01030098238837', 'STSGANJIL25268728', 'siswa', 1),
(18017204, 'STSGANJIL25268728', 'NAZWA ZAENABO', 'xiiakl22526', 'AKL', 'K01030098238839', 'STSGANJIL25268728', 'siswa', 1),
(18023620, 'STSGANJIL25268728', 'NIKEISHA ANINDYA FAUZI', 'xiiakl22526', 'AKL', 'K01030098238840', 'STSGANJIL25268728', 'siswa', 1),
(18034509, 'STSGANJIL25268728', 'PANDU ANANG WIDODO SAPUTRA', 'xiiakl22526', 'AKL', 'K01030098238842', 'STSGANJIL25268728', 'siswa', 1),
(18044267, 'STSGANJIL25268728', 'RAISHA NURDIANA', 'xiiakl22526', 'AKL', 'K01030098238845', 'STSGANJIL25268728', 'siswa', 1),
(18058651, 'STSGANJIL25268728', 'RASYA ARDIANSYAH', 'xiiakl22526', 'AKL', 'K01030098239054', 'STSGANJIL25268728', 'siswa', 1),
(18064495, 'STSGANJIL25268728', 'RISMA NUR INDAH LESTARI', 'xiiakl22526', 'AKL', 'K01030098238849', 'STSGANJIL25268728', 'siswa', 1),
(18074050, 'STSGANJIL25268728', 'RIZKA CAHAYA RAMADHAN', 'xiiakl22526', 'AKL', 'K01030098238850', 'STSGANJIL25268728', 'siswa', 1),
(18089105, 'STSGANJIL25268728', 'RYAN DWI ARDIANSYAH', 'xiiakl22526', 'AKL', 'K01030098238851', 'STSGANJIL25268728', 'siswa', 1),
(18094985, 'STSGANJIL25268728', 'SALMA NUR AISYAH', 'xiiakl22526', 'AKL', 'K01030098238853', 'STSGANJIL25268728', 'siswa', 1),
(18105594, 'STSGANJIL25268728', 'SITI NURAINI', 'xiiakl22526', 'AKL', 'K01030098238857', 'STSGANJIL25268728', 'siswa', 1),
(18114522, 'STSGANJIL25268728', 'TIARA KUSUMA NINGRUM', 'xiiakl22526', 'AKL', 'K01030098238858', 'STSGANJIL25268728', 'siswa', 1),
(18124476, 'STSGANJIL25268728', 'WULAN DWI RAMADANI', 'xiiakl22526', 'AKL', 'K01030098238862', 'STSGANJIL25268728', 'siswa', 1),
(18138644, 'STSGANJIL25268728', 'ZALSA MAYSHA ADELLA', 'xiiakl22526', 'AKL', 'K01030098238867', 'STSGANJIL25268728', 'siswa', 1),
(18143481, 'STSGANJIL25268728', 'ADAM MAULANA', 'xiidkv2526', 'DKV', 'K01030098239007', 'STSGANJIL25268728', 'siswa', 1),
(18157950, 'STSGANJIL25268728', 'ADITYA KRISNA DJAJA', 'xiidkv2526', 'DKV', 'K01030098239008', 'STSGANJIL25268728', 'siswa', 1),
(18164325, 'STSGANJIL25268728', 'ADITYA TANGGUH PRAMANA PUTRA', 'xiidkv2526', 'DKV', 'K01030098239009', 'STSGANJIL25268728', 'siswa', 1),
(18175119, 'STSGANJIL25268728', 'ADRIAN SANJAYA', 'xiidkv2526', 'DKV', 'K01030098239010', 'STSGANJIL25268728', 'siswa', 1),
(18189698, 'STSGANJIL25268728', 'ALIF APRILIYANSAH', 'xiidkv2526', 'DKV', 'K01030098239011', 'STSGANJIL25268728', 'siswa', 1),
(18192769, 'STSGANJIL25268728', 'CARRYN FEBRIANTY', 'xiidkv2526', 'DKV', 'K01030098239012', 'STSGANJIL25268728', 'siswa', 1),
(18209678, 'STSGANJIL25268728', 'CHRISTIAN JOSEPHINE', 'xiidkv2526', 'DKV', 'K01030098239013', 'STSGANJIL25268728', 'siswa', 1),
(18211382, 'STSGANJIL25268728', 'DAENG DALLE', 'xiidkv2526', 'DKV', 'K01030098239014', 'STSGANJIL25268728', 'siswa', 1),
(18221942, 'STSGANJIL25268728', 'DIRA PUTRI RAHMASARI', 'xiidkv2526', 'DKV', 'K01030098239015', 'STSGANJIL25268728', 'siswa', 1),
(18238757, 'STSGANJIL25268728', 'DWIKI JULIYANA', 'xiidkv2526', 'DKV', 'K01030098239017', 'STSGANJIL25268728', 'siswa', 1),
(18242961, 'STSGANJIL25268728', 'EKKLESIA FIRDA LIANA', 'xiidkv2526', 'DKV', 'K01030098239018', 'STSGANJIL25268728', 'siswa', 1),
(18257629, 'STSGANJIL25268728', 'ERIYANI RAHMA', 'xiidkv2526', 'DKV', 'K01030098239019', 'STSGANJIL25268728', 'siswa', 1),
(18269443, 'STSGANJIL25268728', 'EVAN AGUSTIAZ EFENDI', 'xiidkv2526', 'DKV', 'K01030098209020', 'STSGANJIL25268728', 'siswa', 1),
(18275287, 'STSGANJIL25268728', 'FAHRI APRIANSYAH', 'xiidkv2526', 'DKV', 'K01030098239021', 'STSGANJIL25268728', 'siswa', 1),
(18283633, 'STSGANJIL25268728', 'FAHRI SEPTIAWAN', 'xiidkv2526', 'DKV', 'K01030098239022', 'STSGANJIL25268728', 'siswa', 1),
(18297951, 'STSGANJIL25268728', 'FARREL DWI IRWANTO', 'xiidkv2526', 'DKV', 'K01030098239023', 'STSGANJIL25268728', 'siswa', 1),
(18309901, 'STSGANJIL25268728', 'FITRI WULANDARI', 'xiidkv2526', 'DKV', 'K01030098239025', 'STSGANJIL25268728', 'siswa', 1),
(18315504, 'STSGANJIL25268728', 'FITRIA ROBBY ANI', 'xiidkv2526', 'DKV', 'K01030098239024', 'STSGANJIL25268728', 'siswa', 1),
(18325575, 'STSGANJIL25268728', 'HELMY KURNIAWAN', 'xiidkv2526', 'DKV', 'K01030098238699', 'STSGANJIL25268728', 'siswa', 1),
(18339827, 'STSGANJIL25268728', 'IQBAL HABIBALLAH', 'xiidkv2526', 'DKV', 'K01030098239026', 'STSGANJIL25268728', 'siswa', 1),
(18343912, 'STSGANJIL25268728', 'KIKI CAHYONO', 'xiidkv2526', 'DKV', 'K01030098239027', 'STSGANJIL25268728', 'siswa', 1),
(18355174, 'STSGANJIL25268728', 'MARCHO SIMON PETRUS BANU', 'xiidkv2526', 'DKV', 'K01030098239029', 'STSGANJIL25268728', 'siswa', 1),
(18369214, 'STSGANJIL25268728', 'MAULIDHA NUR IZATIN', 'xiidkv2526', 'DKV', 'K01030098239030', 'STSGANJIL25268728', 'siswa', 1),
(18378844, 'STSGANJIL25268728', 'MAULINDA DEWI', 'xiidkv2526', 'DKV', 'K01030098239031', 'STSGANJIL25268728', 'siswa', 1),
(18383985, 'STSGANJIL25268728', 'MUHAMAD BIAN NURHIKMAH', 'xiidkv2526', 'DKV', 'K01030098239034', 'STSGANJIL25268728', 'siswa', 1),
(18393207, 'STSGANJIL25268728', 'MUHAMAD RIDWAN', 'xiidkv2526', 'DKV', 'K01030098239035', 'STSGANJIL25268728', 'siswa', 1),
(18407409, 'STSGANJIL25268728', 'MUHAMMAD ALFATH', 'xiidkv2526', 'DKV', 'K01030098239036', 'STSGANJIL25268728', 'siswa', 1),
(18419755, 'STSGANJIL25268728', 'MUHAMMAD KHAIRI EL FUAD', 'xiidkv2526', 'DKV', 'K01030098239037', 'STSGANJIL25268728', 'siswa', 1),
(18423876, 'STSGANJIL25268728', 'MUHAMMAD ROSYAD PURNOMO', 'xiidkv2526', 'DKV', 'K01030098239032', 'STSGANJIL25268728', 'siswa', 1),
(18435386, 'STSGANJIL25268728', 'MUHAMMAD ZIDANE ALI CANTONA', 'xiidkv2526', 'DKV', 'K01030098239039', 'STSGANJIL25268728', 'siswa', 1),
(18443369, 'STSGANJIL25268728', 'NAILA ENJELITA', 'xiidkv2526', 'DKV', 'K01030098239040', 'STSGANJIL25268728', 'siswa', 1),
(18457124, 'STSGANJIL25268728', 'NATHANAEL MOSES SETIADY', 'xiidkv2526', 'DKV', 'K01030098239041', 'STSGANJIL25268728', 'siswa', 1),
(18461444, 'STSGANJIL25268728', 'NURAINI', 'xiidkv2526', 'DKV', 'K01030098239042', 'STSGANJIL25268728', 'siswa', 1),
(18478657, 'STSGANJIL25268728', 'RIDO SAPUTRO', 'xiidkv2526', 'DKV', 'K01030098239043', 'STSGANJIL25268728', 'siswa', 1),
(18484943, 'STSGANJIL25268728', 'SISKA HANDAYANI', 'xiidkv2526', 'DKV', 'K01030098239038', 'STSGANJIL25268728', 'siswa', 1),
(18494903, 'STSGANJIL25268728', 'SUCI CANTIKA RAMADANI', 'xiidkv2526', 'DKV', 'K01030098239045', 'STSGANJIL25268728', 'siswa', 1),
(18507355, 'STSGANJIL25268728', 'SULLY', 'xiidkv2526', 'DKV', 'K01030098239046', 'STSGANJIL25268728', 'siswa', 1),
(18511599, 'STSGANJIL25268728', 'TRI AWALUDIN', 'xiidkv2526', 'DKV', 'K01030098239047', 'STSGANJIL25268728', 'siswa', 1),
(18524001, 'STSGANJIL25268728', 'VIOLA SASIKIRANA', 'xiidkv2526', 'DKV', 'K01030098239049', 'STSGANJIL25268728', 'siswa', 1),
(18534000, 'STSGANJIL25268728', 'ZAHRA APRILIA FAADHILAH', 'xiidkv2526', 'DKV', 'K01030098239050', 'STSGANJIL25268728', 'siswa', 1),
(18545895, 'STSGANJIL25268728', 'ZAKIRAH THALITA ZAHRAH', 'xiidkv2526', 'DKV', 'K01030098239051', 'STSGANJIL25268728', 'siswa', 1),
(18557052, 'STSGANJIL25268728', 'ADELLIA RISMA KIRANA', 'xiimplb12526', 'MPLB', 'K01030098238868', 'STSGANJIL25268728', 'siswa', 1),
(18563797, 'STSGANJIL25268728', 'ALYA PUTRI NAZWA', 'xiimplb12526', 'MPLB', 'K01030098238872', 'STSGANJIL25268728', 'siswa', 1),
(18573587, 'STSGANJIL25268728', 'ASTIA DESVITA', 'xiimplb12526', 'MPLB', 'K01030098238878', 'STSGANJIL25268728', 'siswa', 1),
(18589535, 'STSGANJIL25268728', 'ASTRID OKTAVIA LESTARI', 'xiimplb12526', 'MPLB', 'K01030098238879', 'STSGANJIL25268728', 'siswa', 1),
(18597513, 'STSGANJIL25268728', 'CINDY AYU AGUSTIENA', 'xiimplb12526', 'MPLB', 'K01030098238884', 'STSGANJIL25268728', 'siswa', 1),
(18603291, 'STSGANJIL25268728', 'CINTA AURIA PUTRI. M', 'xiimplb12526', 'MPLB', 'K01030098238885', 'STSGANJIL25268728', 'siswa', 1),
(18616141, 'STSGANJIL25268728', 'DEFHINA FEBRIYAHYA', 'xiimplb12526', 'MPLB', 'K01030098238886', 'STSGANJIL25268728', 'siswa', 1),
(18627881, 'STSGANJIL25268728', 'DELA SUSANTI', 'xiimplb12526', 'MPLB', 'K01030098238887', 'STSGANJIL25268728', 'siswa', 1),
(18633911, 'STSGANJIL25268728', 'DINA ANGRAENI', 'xiimplb12526', 'MPLB', 'K01030098238888', 'STSGANJIL25268728', 'siswa', 1),
(18647570, 'STSGANJIL25268728', 'DIVA SALSABILA', 'xiimplb12526', 'MPLB', 'K01030098238890', 'STSGANJIL25268728', 'siswa', 1),
(18658714, 'STSGANJIL25268728', 'ENGGI AULIA AMANDA PUTRI', 'xiimplb12526', 'MPLB', 'K01030098238894', 'STSGANJIL25268728', 'siswa', 1),
(18664526, 'STSGANJIL25268728', 'ERIN LARAS SATI', 'xiimplb12526', 'MPLB', 'K01030098238896', 'STSGANJIL25268728', 'siswa', 1),
(18679783, 'STSGANJIL25268728', 'EVA PURNAMASARI', 'xiimplb12526', 'MPLB', 'K01030098238897', 'STSGANJIL25268728', 'siswa', 1),
(18683432, 'STSGANJIL25268728', 'FAIRUZ MAULIDA FAIZ', 'xiimplb12526', 'MPLB', 'K01030098238898', 'STSGANJIL25268728', 'siswa', 1),
(18695513, 'STSGANJIL25268728', 'FATDILAH ANGGI ROFITA', 'xiimplb12526', 'MPLB', 'K01030098238899', 'STSGANJIL25268728', 'siswa', 1),
(18708968, 'STSGANJIL25268728', 'FEBBY AMRIYANI PUTRI', 'xiimplb12526', 'MPLB', 'K01030098238900', 'STSGANJIL25268728', 'siswa', 1),
(18712737, 'STSGANJIL25268728', 'FIYANTIKA ERVI', 'xiimplb12526', 'MPLB', 'K01030098238901', 'STSGANJIL25268728', 'siswa', 1),
(18728317, 'STSGANJIL25268728', 'GISELLA LUTFYA PRAMESTY', 'xiimplb12526', 'MPLB', 'K01030098238903', 'STSGANJIL25268728', 'siswa', 1),
(18732338, 'STSGANJIL25268728', 'ICA AMELIA', 'xiimplb12526', 'MPLB', 'K01030098238904', 'STSGANJIL25268728', 'siswa', 1),
(18748950, 'STSGANJIL25268728', 'INTAN CAHAYANI', 'xiimplb12526', 'MPLB', 'K01030098238910', 'STSGANJIL25268728', 'siswa', 1),
(18757574, 'STSGANJIL25268728', 'KADEK DWI SEPTIANA', 'xiimplb12526', 'MPLB', 'K01030098238911', 'STSGANJIL25268728', 'siswa', 1),
(18762436, 'STSGANJIL25268728', 'KAYLA AURELLIA LARISSA', 'xiimplb12526', 'MPLB', 'K01030098238912', 'STSGANJIL25268728', 'siswa', 1),
(18776380, 'STSGANJIL25268728', 'KEISA SAFIRA', 'xiimplb12526', 'MPLB', 'K01030098238913', 'STSGANJIL25268728', 'siswa', 1),
(18789064, 'STSGANJIL25268728', 'LAILA SYIFA', 'xiimplb12526', 'MPLB', 'K01030098238916', 'STSGANJIL25268728', 'siswa', 1),
(18796477, 'STSGANJIL25268728', 'MARSHELLA ANDREANI SABU BADIN', 'xiimplb12526', 'MPLB', 'K01030098238920', 'STSGANJIL25268728', 'siswa', 1),
(18801676, 'STSGANJIL25268728', 'MEYSA ARISMA NATALIA', 'xiimplb12526', 'MPLB', 'K01030098238924', 'STSGANJIL25268728', 'siswa', 1),
(18812917, 'STSGANJIL25268728', 'MONICA RATNA ADELIA', 'xiimplb12526', 'MPLB', 'K01030098238925', 'STSGANJIL25268728', 'siswa', 1),
(18822200, 'STSGANJIL25268728', 'MOZA LESTARI RAMADHANI', 'xiimplb12526', 'MPLB', 'K01030098238926', 'STSGANJIL25268728', 'siswa', 1),
(18839554, 'STSGANJIL25268728', 'NADIA HIDAYAT', 'xiimplb12526', 'MPLB', 'K01030098238930', 'STSGANJIL25268728', 'siswa', 1),
(18845716, 'STSGANJIL25268728', 'NAZWA AFIFAH', 'xiimplb12526', 'MPLB', 'K01030098238932', 'STSGANJIL25268728', 'siswa', 1),
(18855470, 'STSGANJIL25268728', 'PUPUT AMEL LESTARI', 'xiimplb12526', 'MPLB', 'K01030098238936', 'STSGANJIL25268728', 'siswa', 1),
(18864721, 'STSGANJIL25268728', 'PUTRI NAZWA LAMAHODA', 'xiimplb12526', 'MPLB', 'K01030098238939', 'STSGANJIL25268728', 'siswa', 1),
(18879833, 'STSGANJIL25268728', 'PUTRI SALSABILLA', 'xiimplb12526', 'MPLB', 'K01030098238940', 'STSGANJIL25268728', 'siswa', 1),
(18889575, 'STSGANJIL25268728', 'RAISYAH HANDAYANI', 'xiimplb12526', 'MPLB', 'K01030098238942', 'STSGANJIL25268728', 'siswa', 1),
(18893864, 'STSGANJIL25268728', 'RANI ZUNIARDANA', 'xiimplb12526', 'MPLB', 'K01030098238943', 'STSGANJIL25268728', 'siswa', 1),
(18908673, 'STSGANJIL25268728', 'RASYA SINTA DEWI', 'xiimplb12526', 'MPLB', 'K01030098238944', 'STSGANJIL25268728', 'siswa', 1),
(18914103, 'STSGANJIL25268728', 'REGINA NURHAYATI', 'xiimplb12526', 'MPLB', 'K01030098238946', 'STSGANJIL25268728', 'siswa', 1),
(18925381, 'STSGANJIL25268728', 'ROSDIANA', 'xiimplb12526', 'MPLB', 'K01030098238949', 'STSGANJIL25268728', 'siswa', 1),
(18934201, 'STSGANJIL25268728', 'SITI ASSILLA FATIMAH', 'xiimplb12526', 'MPLB', 'K01030098238951', 'STSGANJIL25268728', 'siswa', 1),
(18945824, 'STSGANJIL25268728', 'SRI MULYANINGRUM', 'xiimplb12526', 'MPLB', 'K01030098238953', 'STSGANJIL25268728', 'siswa', 1),
(18953067, 'STSGANJIL25268728', 'SUCI SETYAWATI', 'xiimplb12526', 'MPLB', 'K01030098238954', 'STSGANJIL25268728', 'siswa', 1),
(18963945, 'STSGANJIL25268728', 'TARA JESYIKA', 'xiimplb12526', 'MPLB', 'K01030098238956', 'STSGANJIL25268728', 'siswa', 1),
(18972191, 'STSGANJIL25268728', 'WIWIN MUSTIKA SARI', 'xiimplb12526', 'MPLB', 'K01030098238959', 'STSGANJIL25268728', 'siswa', 1),
(18987844, 'STSGANJIL25268728', 'ADESIA PUTRI', 'xiimplb22526', 'MPLB', 'K01030098238869', 'STSGANJIL25268728', 'siswa', 1),
(18991292, 'STSGANJIL25268728', 'ADHITA NAZHIRA', 'xiimplb22526', 'MPLB', 'K01030098238870', 'STSGANJIL25268728', 'siswa', 1),
(19003986, 'STSGANJIL25268728', 'AMELLIA FEBRIYANI', 'xiimplb22526', 'MPLB', 'K01030098238873', 'STSGANJIL25268728', 'siswa', 1),
(19015373, 'STSGANJIL25268728', 'ANDINI HERYANTI', 'xiimplb22526', 'MPLB', 'K01030098238874', 'STSGANJIL25268728', 'siswa', 1),
(19024260, 'STSGANJIL25268728', 'ANDINI SABELLA', 'xiimplb22526', 'MPLB', 'K01030098238875', 'STSGANJIL25268728', 'siswa', 1),
(19035913, 'STSGANJIL25268728', 'ANNISA RAMADANI', 'xiimplb22526', 'MPLB', 'K01030098238876', 'STSGANJIL25268728', 'siswa', 1),
(19048060, 'STSGANJIL25268728', 'BELLA FEBRIYANA', 'xiimplb22526', 'MPLB', 'K01030098238881', 'STSGANJIL25268728', 'siswa', 1),
(19051956, 'STSGANJIL25268728', 'CANTIKA DUWI PRATIWI', 'xiimplb22526', 'MPLB', 'K01030098238882', 'STSGANJIL25268728', 'siswa', 1),
(19063833, 'STSGANJIL25268728', 'CICILIYA MELANI PUTRI WINATI', 'xiimplb22526', 'MPLB', 'K01030098238883', 'STSGANJIL25268728', 'siswa', 1),
(19076078, 'STSGANJIL25268728', 'DIVA DESTIANA', 'xiimplb22526', 'MPLB', 'K01030098238889', 'STSGANJIL25268728', 'siswa', 1),
(19082905, 'STSGANJIL25268728', 'EKA NORMA RAMADHANI', 'xiimplb22526', 'MPLB', 'K01030098238891', 'STSGANJIL25268728', 'siswa', 1),
(19092040, 'STSGANJIL25268728', 'EKI TARSINI', 'xiimplb22526', 'MPLB', 'K01030098238892', 'STSGANJIL25268728', 'siswa', 1),
(19105885, 'STSGANJIL25268728', 'ELSYA AULIYA', 'xiimplb22526', 'MPLB', 'K01030098238893', 'STSGANJIL25268728', 'siswa', 1),
(19113538, 'STSGANJIL25268728', 'ERIKA LULU GHATHFAAN', 'xiimplb22526', 'MPLB', 'K01030098238895', 'STSGANJIL25268728', 'siswa', 1),
(19127947, 'STSGANJIL25268728', 'FUTRIA KHALISA', 'xiimplb22526', 'MPLB', 'K01030098238902', 'STSGANJIL25268728', 'siswa', 1),
(19137386, 'STSGANJIL25268728', 'INDAH NURZULIA', 'xiimplb22526', 'MPLB', 'K01030098238906', 'STSGANJIL25268728', 'siswa', 1),
(19144757, 'STSGANJIL25268728', 'INDAH RAHMAWATI', 'xiimplb22526', 'MPLB', 'K01030098238907', 'STSGANJIL25268728', 'siswa', 1),
(19152955, 'STSGANJIL25268728', 'INDAH TRI HAPSARI', 'xiimplb22526', 'MPLB', 'K01030098238908', 'STSGANJIL25268728', 'siswa', 1),
(19165142, 'STSGANJIL25268728', 'INNEZ PUTRIA ABIDIN', 'xiimplb22526', 'MPLB', 'K01030098238909', 'STSGANJIL25268728', 'siswa', 1),
(19178129, 'STSGANJIL25268728', 'KEISYA RAMADHANI', 'xiimplb22526', 'MPLB', 'K01030098238914', 'STSGANJIL25268728', 'siswa', 1),
(19185331, 'STSGANJIL25268728', 'KEYLA FEBRIA', 'xiimplb22526', 'MPLB', 'K01030098238915', 'STSGANJIL25268728', 'siswa', 1),
(19199862, 'STSGANJIL25268728', 'LUTFIYAH MAHIROH', 'xiimplb22526', 'MPLB', 'K01030098238917', 'STSGANJIL25268728', 'siswa', 1),
(19202917, 'STSGANJIL25268728', 'LUTHFIYYATUN INKA PERMATASARI', 'xiimplb22526', 'MPLB', 'K01030098238918', 'STSGANJIL25268728', 'siswa', 1),
(19213042, 'STSGANJIL25268728', 'MARINAH', 'xiimplb22526', 'MPLB', 'K01030098238919', 'STSGANJIL25268728', 'siswa', 1),
(19226827, 'STSGANJIL25268728', 'MARTHASYA CANTIKA DEWI', 'xiimplb22526', 'MPLB', 'K01030098238921', 'STSGANJIL25268728', 'siswa', 1),
(19234360, 'STSGANJIL25268728', 'MUTHIA ZAHRAH', 'xiimplb22526', 'MPLB', 'K01030098238927', 'STSGANJIL25268728', 'siswa', 1),
(19244194, 'STSGANJIL25268728', 'NABILA PUTRI RAMADHANI', 'xiimplb22526', 'MPLB', 'K01030098238928', 'STSGANJIL25268728', 'siswa', 1),
(19254551, 'STSGANJIL25268728', 'NADEA ELMA PAKASI', 'xiimplb22526', 'MPLB', 'K01030098238929', 'STSGANJIL25268728', 'siswa', 1),
(19264570, 'STSGANJIL25268728', 'NATASYA PUTRI CAHYANA', 'xiimplb22526', 'MPLB', 'K01030098238931', 'STSGANJIL25268728', 'siswa', 1),
(19277727, 'STSGANJIL25268728', 'NELLA AGUSTINA', 'xiimplb22526', 'MPLB', 'K01030098238933', 'STSGANJIL25268728', 'siswa', 1),
(19281866, 'STSGANJIL25268728', 'NOVA LILI HANDRAYANI', 'xiimplb22526', 'MPLB', 'K01030098238934', 'STSGANJIL25268728', 'siswa', 1),
(19292170, 'STSGANJIL25268728', 'NOVA LINA ANJANI', 'xiimplb22526', 'MPLB', 'K01030098238935', 'STSGANJIL25268728', 'siswa', 1),
(19301603, 'STSGANJIL25268728', 'PUTRI APRILIA ZAHRA', 'xiimplb22526', 'MPLB', 'K01030098238937', 'STSGANJIL25268728', 'siswa', 1),
(19319927, 'STSGANJIL25268728', 'RACHMA ANNISA', 'xiimplb22526', 'MPLB', 'K01030098238941', 'STSGANJIL25268728', 'siswa', 1),
(19327714, 'STSGANJIL25268728', 'RASYAH RACHMA SETIAWAN', 'xiimplb22526', 'MPLB', 'K01030098238945', 'STSGANJIL25268728', 'siswa', 1),
(19336668, 'STSGANJIL25268728', 'REINATA PRIHATINI', 'xiimplb22526', 'MPLB', 'K01030098238947', 'STSGANJIL25268728', 'siswa', 1),
(19347108, 'STSGANJIL25268728', 'SILVI MELANI PUTRI', 'xiimplb22526', 'MPLB', 'K01030098238950', 'STSGANJIL25268728', 'siswa', 1),
(19359582, 'STSGANJIL25268728', 'SITI FATIMAH JULIANA', 'xiimplb22526', 'MPLB', 'K01030098238952', 'STSGANJIL25268728', 'siswa', 1),
(19362193, 'STSGANJIL25268728', 'SULIS KASIH RAMADHANI', 'xiimplb22526', 'MPLB', 'K01030098238955', 'STSGANJIL25268728', 'siswa', 1),
(19371913, 'STSGANJIL25268728', 'TARISA NURASIAH', 'xiimplb22526', 'MPLB', 'K01030098238957', 'STSGANJIL25268728', 'siswa', 1),
(19384439, 'STSGANJIL25268728', 'THYNTA ASMARANI PUTRI', 'xiimplb22526', 'MPLB', 'K01030098238958', 'STSGANJIL25268728', 'siswa', 1),
(19397256, 'STSGANJIL25268728', 'AJENG KARTIKA CHANDRALIS PUTRI', 'xiipm2526', 'PM', 'K01030098238960', 'STSGANJIL25268728', 'siswa', 1),
(19407774, 'STSGANJIL25268728', 'AL RASYA TRI SAHLAN', 'xiipm2526', 'PM', 'K01030098238961', 'STSGANJIL25268728', 'siswa', 1),
(19418921, 'STSGANJIL25268728', 'ANDIKA', 'xiipm2526', 'PM', 'K01030098238962', 'STSGANJIL25268728', 'siswa', 1),
(19429285, 'STSGANJIL25268728', 'ANDRYANTO FEBRIANSYAH', 'xiipm2526', 'PM', 'K01030098238963', 'STSGANJIL25268728', 'siswa', 1),
(19439076, 'STSGANJIL25268728', 'ARIF FIRMANSYAH', 'xiipm2526', 'PM', 'K01030098238964', 'STSGANJIL25268728', 'siswa', 1),
(19448884, 'STSGANJIL25268728', 'AVRILIA ZAHRA', 'xiipm2526', 'PM', 'K01030098238965', 'STSGANJIL25268728', 'siswa', 1),
(19458268, 'STSGANJIL25268728', 'DEWITA MAHARANI', 'xiipm2526', 'PM', 'K01030098238966', 'STSGANJIL25268728', 'siswa', 1),
(19462493, 'STSGANJIL25268728', 'DINA LUDFIANA', 'xiipm2526', 'PM', 'K01030098238967', 'STSGANJIL25268728', 'siswa', 1),
(19471568, 'STSGANJIL25268728', 'DONI SAPUTRA', 'xiipm2526', 'PM', 'K01030098238968', 'STSGANJIL25268728', 'siswa', 1),
(19486998, 'STSGANJIL25268728', 'EGA ANANDA RENOTA', 'xiipm2526', 'PM', 'K01030098238969', 'STSGANJIL25268728', 'siswa', 1),
(19499627, 'STSGANJIL25268728', 'FAREL PANCA SENA', 'xiipm2526', 'PM', 'K01030098238971', 'STSGANJIL25268728', 'siswa', 1),
(19503834, 'STSGANJIL25268728', 'FRIDA RISTA MARTASA', 'xiipm2526', 'PM', 'K01030098238972', 'STSGANJIL25268728', 'siswa', 1),
(19514693, 'STSGANJIL25268728', 'GUNTUR RYANDI', 'xiipm2526', 'PM', 'K01030098238973', 'STSGANJIL25268728', 'siswa', 1),
(19522648, 'STSGANJIL25268728', 'HERDI ALFIYANSAH', 'xiipm2526', 'PM', 'K01030098238974', 'STSGANJIL25268728', 'siswa', 1),
(19535873, 'STSGANJIL25268728', 'KEVIN ROMAN SAPUTRA', 'xiipm2526', 'PM', 'K01030098238975', 'STSGANJIL25268728', 'siswa', 1),
(19546942, 'STSGANJIL25268728', 'KEYLA KEYSA UTAMI', 'xiipm2526', 'PM', 'K01030098238976', 'STSGANJIL25268728', 'siswa', 1),
(19553629, 'STSGANJIL25268728', 'KHARIZKA YULI AMELIA', 'xiipm2526', 'PM', 'K01030098238977', 'STSGANJIL25268728', 'siswa', 1),
(19566532, 'STSGANJIL25268728', 'LIDIA SULISTIAWATI', 'xiipm2526', 'PM', 'K01030098238978', 'STSGANJIL25268728', 'siswa', 1),
(19579722, 'STSGANJIL25268728', 'MUHAMAD ILHAM NURSYAHBANI', 'xiipm2526', 'PM', 'K01030098238979', 'STSGANJIL25268728', 'siswa', 1),
(19581160, 'STSGANJIL25268728', 'MUHAMAD RIDWAN', 'xiipm2526', 'PM', 'K01030098238980', 'STSGANJIL25268728', 'siswa', 1),
(19595518, 'STSGANJIL25268728', 'MUHAMMAD FAUZAN PRATAMA', 'xiipm2526', 'PM', 'K01030098238981', 'STSGANJIL25268728', 'siswa', 1),
(19609810, 'STSGANJIL25268728', 'NATASYA NATALIA', 'xiipm2526', 'PM', 'K01030098238982', 'STSGANJIL25268728', 'siswa', 1),
(19615149, 'STSGANJIL25268728', 'NIA DAMAYANTI', 'xiipm2526', 'PM', 'K01030098238983', 'STSGANJIL25268728', 'siswa', 1),
(19621898, 'STSGANJIL25268728', 'NUR AINI', 'xiipm2526', 'PM', 'K01030098238984', 'STSGANJIL25268728', 'siswa', 1),
(19638208, 'STSGANJIL25268728', 'NUR ALAMSYAH', 'xiipm2526', 'PM', 'K01030098238985', 'STSGANJIL25268728', 'siswa', 1),
(19644974, 'STSGANJIL25268728', 'PANDU ARYA PRATAMA', 'xiipm2526', 'PM', 'K01030098238987', 'STSGANJIL25268728', 'siswa', 1),
(19651907, 'STSGANJIL25268728', 'PUTRA EKA PRASETYO', 'xiipm2526', 'PM', 'K01030098238988', 'STSGANJIL25268728', 'siswa', 1),
(19665440, 'STSGANJIL25268728', 'PUTRI NUR ANJANI', 'xiipm2526', 'PM', 'K01030098238989', 'STSGANJIL25268728', 'siswa', 1),
(19673131, 'STSGANJIL25268728', 'REHAN INDRA PRATAMA', 'xiipm2526', 'PM', 'K01030098238991', 'STSGANJIL25268728', 'siswa', 1),
(19683227, 'STSGANJIL25268728', 'REVANI DWI RAHAYU', 'xiipm2526', 'PM', 'K01030098238992', 'STSGANJIL25268728', 'siswa', 1),
(19691290, 'STSGANJIL25268728', 'REYHAN ERLANGGA', 'xiipm2526', 'PM', 'K01030098238993', 'STSGANJIL25268728', 'siswa', 1),
(19701354, 'STSGANJIL25268728', 'REZA SATRIA KUSUMA', 'xiipm2526', 'PM', 'K01030098238994', 'STSGANJIL25268728', 'siswa', 1),
(19711859, 'STSGANJIL25268728', 'RIZKY PUTRA KURNIA', 'xiipm2526', 'PM', 'K01030098238995', 'STSGANJIL25268728', 'siswa', 1),
(19729543, 'STSGANJIL25268728', 'ROSA APRILIANI', 'xiipm2526', 'PM', 'K01030098238996', 'STSGANJIL25268728', 'siswa', 1),
(19733258, 'STSGANJIL25268728', 'SEPTI RAHMADINI', 'xiipm2526', 'PM', 'K01030098238998', 'STSGANJIL25268728', 'siswa', 1),
(19746153, 'STSGANJIL25268728', 'SERLI AULIA', 'xiipm2526', 'PM', 'K01030098238986', 'STSGANJIL25268728', 'siswa', 1),
(19752111, 'STSGANJIL25268728', 'SHERLY CHAIRRUNNISA SETIAWAN', 'xiipm2526', 'PM', 'K01030098239000', 'STSGANJIL25268728', 'siswa', 1),
(19762450, 'STSGANJIL25268728', 'TRI RAMADANI', 'xiipm2526', 'PM', 'K01030098239002', 'STSGANJIL25268728', 'siswa', 1),
(19775521, 'STSGANJIL25268728', 'WAHYU SAPUTRA', 'xiipm2526', 'PM', 'K01030098239003', 'STSGANJIL25268728', 'siswa', 1),
(19789078, 'STSGANJIL25268728', 'WINDA FAIDAH', 'xiipm2526', 'PM', 'K01030098239004', 'STSGANJIL25268728', 'siswa', 1),
(19798201, 'STSGANJIL25268728', 'WULAN RIYONO', 'xiipm2526', 'PM', 'K01030098239005', 'STSGANJIL25268728', 'siswa', 1),
(19801334, 'STSGANJIL25268728', 'APRILIA RAHMAWATI', 'xiipm2526', 'PM', 'K010300985005@', 'STSGANJIL25268728', 'siswa', 1),
(19811263, 'STSGANJIL25268728', 'NABIL NASHIFUDDIN', 'xiipm2526', 'PM', 'K010300986006@', 'STSGANJIL25268728', 'siswa', 1),
(19826500, 'STSGANJIL25268728', 'ABDUL MUHAMAD HAIR', 'xiitjkt12526', 'TJKT', 'K01030098238639', 'STSGANJIL25268728', 'siswa', 1),
(19836206, 'STSGANJIL25268728', 'ACHMAD RIDWAN', 'xiitjkt12526', 'TJKT', 'K01030098238640', 'STSGANJIL25268728', 'siswa', 1),
(19843183, 'STSGANJIL25268728', 'AHMAD ILHAMEDI', 'xiitjkt12526', 'TJKT', 'K01030098252002', 'STSGANJIL25268728', 'siswa', 1),
(19852794, 'STSGANJIL25268728', 'ALTAN NARENDRA FIRMANSYAH', 'xiitjkt12526', 'TJKT', 'K01030098238655', 'STSGANJIL25268728', 'siswa', 1),
(19863249, 'STSGANJIL25268728', 'ANDHIKA HERDIANA', 'xiitjkt12526', 'TJKT', 'K01030098238656', 'STSGANJIL25268728', 'siswa', 1),
(19872599, 'STSGANJIL25268728', 'ANDINI AULIA PUTRI', 'xiitjkt12526', 'TJKT', 'K01030098238658', 'STSGANJIL25268728', 'siswa', 1),
(19888153, 'STSGANJIL25268728', 'ANDREAN RAZYA ANNAVI', 'xiitjkt12526', 'TJKT', 'K01030098238659', 'STSGANJIL25268728', 'siswa', 1),
(19892860, 'STSGANJIL25268728', 'ANDRIAN WIJAYA', 'xiitjkt12526', 'TJKT', 'K01030098238645', 'STSGANJIL25268728', 'siswa', 1),
(19904825, 'STSGANJIL25268728', 'CINTA JULYA LARASATI', 'xiitjkt12526', 'TJKT', 'K01030098238668', 'STSGANJIL25268728', 'siswa', 1),
(19913314, 'STSGANJIL25268728', 'DAYAN PATTIH KHALAM', 'xiitjkt12526', 'TJKT', 'K01030098238670', 'STSGANJIL25268728', 'siswa', 1),
(19928403, 'STSGANJIL25268728', 'DECO ADI PRIYANDA', 'xiitjkt12526', 'TJKT', 'K01030098238671', 'STSGANJIL25268728', 'siswa', 1),
(19934302, 'STSGANJIL25268728', 'DICKI SAI HIKARU', 'xiitjkt12526', 'TJKT', 'K01030098238673', 'STSGANJIL25268728', 'siswa', 1),
(19942521, 'STSGANJIL25268728', 'FAJAR ARIASIH', 'xiitjkt12526', 'TJKT', 'K01030098238681', 'STSGANJIL25268728', 'siswa', 1),
(19955652, 'STSGANJIL25268728', 'FAJAR FATUR ROKHIM', 'xiitjkt12526', 'TJKT', 'K01030098238682', 'STSGANJIL25268728', 'siswa', 1),
(19969642, 'STSGANJIL25268728', 'FAKHRI SYAPUTRO', 'xiitjkt12526', 'TJKT', 'K01030098238685', 'STSGANJIL25268728', 'siswa', 1),
(19973932, 'STSGANJIL25268728', 'FARDAN IHZA RAMADHAN', 'xiitjkt12526', 'TJKT', 'K01030098238686', 'STSGANJIL25268728', 'siswa', 1),
(19989829, 'STSGANJIL25268728', 'FEBRIAN RACHMANSYAH', 'xiitjkt12526', 'TJKT', 'K01030098238691', 'STSGANJIL25268728', 'siswa', 1),
(19991546, 'STSGANJIL25268728', 'FERNANDO KUNARDI', 'xiitjkt12526', 'TJKT', 'K01030098238692', 'STSGANJIL25268728', 'siswa', 1),
(20009766, 'STSGANJIL25268728', 'GADING ALFARIZY', 'xiitjkt12526', 'TJKT', 'K01030098238694', 'STSGANJIL25268728', 'siswa', 1),
(20012931, 'STSGANJIL25268728', 'HAIKEL PRATAMA', 'xiitjkt12526', 'TJKT', 'K01030098238697', 'STSGANJIL25268728', 'siswa', 1),
(20021349, 'STSGANJIL25268728', 'IKCSAN RAMADHAN', 'xiitjkt12526', 'TJKT', 'K01030098238700', 'STSGANJIL25268728', 'siswa', 1),
(20031220, 'STSGANJIL25268728', 'MALIK AHMAD GUSTAVO', 'xiitjkt12526', 'TJKT', 'K01030098238707', 'STSGANJIL25268728', 'siswa', 1),
(20046869, 'STSGANJIL25268728', 'MARIO JENS TRIYULENS MANU', 'xiitjkt12526', 'TJKT', 'K01030098238708', 'STSGANJIL25268728', 'siswa', 1),
(20056148, 'STSGANJIL25268728', 'MUHAMAD FAZRUL MAULIDI', 'xiitjkt12526', 'TJKT', 'K01030098238715', 'STSGANJIL25268728', 'siswa', 1),
(20069345, 'STSGANJIL25268728', 'MUHAMAD NUR HIDAUYATTULOH', 'xiitjkt12526', 'TJKT', 'K01030098238717', 'STSGANJIL25268728', 'siswa', 1),
(20079899, 'STSGANJIL25268728', 'MUHAMMAD ABDUL RASYID', 'xiitjkt12526', 'TJKT', 'K01030098238720', 'STSGANJIL25268728', 'siswa', 1),
(20088995, 'STSGANJIL25268728', 'MUHAMMAD AIRIL SYAVA', 'xiitjkt12526', 'TJKT', 'K01030098238723', 'STSGANJIL25268728', 'siswa', 1),
(20092988, 'STSGANJIL25268728', 'MUHAMMAD FAIRUZ ADNAN', 'xiitjkt12526', 'TJKT', 'K01030098238725', 'STSGANJIL25268728', 'siswa', 1),
(20106633, 'STSGANJIL25268728', 'MUHAMMAD KHAFI RAMADANI', 'xiitjkt12526', 'TJKT', 'K01030098238730', 'STSGANJIL25268728', 'siswa', 1),
(20113176, 'STSGANJIL25268728', 'NADIN CANDRA WINATA', 'xiitjkt12526', 'TJKT', 'K01030098239430', 'STSGANJIL25268728', 'siswa', 1),
(20129762, 'STSGANJIL25268728', 'RAFA RADITYA', 'xiitjkt12526', 'TJKT', 'K01030098238736', 'STSGANJIL25268728', 'siswa', 1),
(20133826, 'STSGANJIL25268728', 'RAFLI ARDY', 'xiitjkt12526', 'TJKT', 'K01030098238737', 'STSGANJIL25268728', 'siswa', 1),
(20147654, 'STSGANJIL25268728', 'RAMDHANI', 'xiitjkt12526', 'TJKT', 'K01030098238740', 'STSGANJIL25268728', 'siswa', 1),
(20154660, 'STSGANJIL25268728', 'RASYA RADITYA PRASETYO', 'xiitjkt12526', 'TJKT', 'K01030098239053', 'STSGANJIL25268728', 'siswa', 1),
(20167856, 'STSGANJIL25268728', 'REYKHAN APRIYANTO', 'xiitjkt12526', 'TJKT', 'K01030098238745', 'STSGANJIL25268728', 'siswa', 1),
(20172375, 'STSGANJIL25268728', 'RIAN CATUR PRASETIO', 'xiitjkt12526', 'TJKT', 'K01030098238747', 'STSGANJIL25268728', 'siswa', 1),
(20185319, 'STSGANJIL25268728', 'RICKO NOVA ARIANTO', 'xiitjkt12526', 'TJKT', 'K01030098238749', 'STSGANJIL25268728', 'siswa', 1),
(20195243, 'STSGANJIL25268728', 'RIDHO BINTANG SAPUTRA', 'xiitjkt12526', 'TJKT', 'K01030098238750', 'STSGANJIL25268728', 'siswa', 1),
(20201458, 'STSGANJIL25268728', 'RISZKI YUDA PRAKOSO', 'xiitjkt12526', 'TJKT', 'K01030098238754', 'STSGANJIL25268728', 'siswa', 1),
(20216082, 'STSGANJIL25268728', 'RIZKY HERDIAN', 'xiitjkt12526', 'TJKT', 'K01030098238758', 'STSGANJIL25268728', 'siswa', 1),
(20221252, 'STSGANJIL25268728', 'RYAN WIBOWO', 'xiitjkt12526', 'TJKT', 'K01030098238761', 'STSGANJIL25268728', 'siswa', 1),
(20235703, 'STSGANJIL25268728', 'SURYA TJANDRA WIJAYA', 'xiitjkt12526', 'TJKT', 'K01030098238765', 'STSGANJIL25268728', 'siswa', 1),
(20243704, 'STSGANJIL25268728', 'UMAR ABDULLAH', 'xiitjkt12526', 'TJKT', 'K01030098238768', 'STSGANJIL25268728', 'siswa', 1),
(20255256, 'STSGANJIL25268728', 'YULITA DIYATAMA', 'xiitjkt12526', 'TJKT', 'K01030098238774', 'STSGANJIL25268728', 'siswa', 1),
(20268093, 'STSGANJIL25268728', 'ZAKARIA NUR AKBAR', 'xiitjkt12526', 'TJKT', 'K01030098238775', 'STSGANJIL25268728', 'siswa', 1),
(20271960, 'STSGANJIL25268728', 'ADITYA PRATAMA', 'xiitjkt22526', 'TJKT', 'K01030098238643', 'STSGANJIL25268728', 'siswa', 1),
(20286307, 'STSGANJIL25268728', 'AFIF AMMAR', 'xiitjkt22526', 'TJKT', 'K01030098238646', 'STSGANJIL25268728', 'siswa', 1),
(20292935, 'STSGANJIL25268728', 'AHMAD AFRIYANSYAH', 'xiitjkt22526', 'TJKT', 'K01030098238648', 'STSGANJIL25268728', 'siswa', 1),
(20302053, 'STSGANJIL25268728', 'AHMAD RIZKI KURNIAWAN', 'xiitjkt22526', 'TJKT', 'K01030098238652', 'STSGANJIL25268728', 'siswa', 1),
(20311900, 'STSGANJIL25268728', 'ANDHIKA SAPUTRA', 'xiitjkt22526', 'TJKT', 'K01030098238657', 'STSGANJIL25268728', 'siswa', 1),
(20326711, 'STSGANJIL25268728', 'ARDIANSYAH', 'xiitjkt22526', 'TJKT', 'K01030098238661', 'STSGANJIL25268728', 'siswa', 1),
(20336847, 'STSGANJIL25268728', 'ARI FEBIANSYAH', 'xiitjkt22526', 'TJKT', 'K01030098238663', 'STSGANJIL25268728', 'siswa', 1),
(20344600, 'STSGANJIL25268728', 'ARIANSYAH JANUWAR', 'xiitjkt22526', 'TJKT', 'K01030098238664', 'STSGANJIL25268728', 'siswa', 1),
(20351621, 'STSGANJIL25268728', 'BAGAS ARIANTO', 'xiitjkt22526', 'TJKT', 'K01030098238665', 'STSGANJIL25268728', 'siswa', 1),
(20365581, 'STSGANJIL25268728', 'BHAKTI ARI SETYAWAN', 'xiitjkt22526', 'TJKT', 'K01030098238666', 'STSGANJIL25268728', 'siswa', 1),
(20377336, 'STSGANJIL25268728', 'CAESAR KUBILAI KHAN', 'xiitjkt22526', 'TJKT', 'K01030098238667', 'STSGANJIL25268728', 'siswa', 1),
(20389926, 'STSGANJIL25268728', 'DANI RAMADHAN', 'xiitjkt22526', 'TJKT', 'K01030098238669', 'STSGANJIL25268728', 'siswa', 1),
(20391434, 'STSGANJIL25268728', 'DEMAZ YOKA', 'xiitjkt22526', 'TJKT', 'K01030098238672', 'STSGANJIL25268728', 'siswa', 1),
(20402260, 'STSGANJIL25268728', 'DICKY ADITYA AKBAR', 'xiitjkt22526', 'TJKT', 'K01030098238674', 'STSGANJIL25268728', 'siswa', 1),
(20419756, 'STSGANJIL25268728', 'DIMAS SETYAWAN', 'xiitjkt22526', 'TJKT', 'K01030098238676', 'STSGANJIL25268728', 'siswa', 1),
(20425836, 'STSGANJIL25268728', 'DIRGA PUTRA FIRMANSYAH', 'xiitjkt22526', 'TJKT', 'K01030098238677', 'STSGANJIL25268728', 'siswa', 1),
(20439697, 'STSGANJIL25268728', 'ERWIN MAULANA', 'xiitjkt22526', 'TJKT', 'K01030098238679', 'STSGANJIL25268728', 'siswa', 1),
(20441589, 'STSGANJIL25268728', 'FARIH KESIT', 'xiitjkt22526', 'TJKT', 'K01030098238687', 'STSGANJIL25268728', 'siswa', 1),
(20459465, 'STSGANJIL25268728', 'FATHIR ARISWIDYANATA', 'xiitjkt22526', 'TJKT', 'K01030098238688', 'STSGANJIL25268728', 'siswa', 1),
(20461858, 'STSGANJIL25268728', 'FAUZAN', 'xiitjkt22526', 'TJKT', 'K01030098238689', 'STSGANJIL25268728', 'siswa', 1),
(20471844, 'STSGANJIL25268728', 'FEBRI HARIYANTO', 'xiitjkt22526', 'TJKT', 'K01030098238690', 'STSGANJIL25268728', 'siswa', 1),
(20482766, 'STSGANJIL25268728', 'FYKI PRATAMA', 'xiitjkt22526', 'TJKT', 'K01030098238693', 'STSGANJIL25268728', 'siswa', 1),
(20494120, 'STSGANJIL25268728', 'GANI ADHARKA PUTRAWARDANA', 'xiitjkt22526', 'TJKT', 'K01030098238695', 'STSGANJIL25268728', 'siswa', 1),
(20505014, 'STSGANJIL25268728', 'ILHAM', 'xiitjkt22526', 'TJKT', 'K01030098238701', 'STSGANJIL25268728', 'siswa', 1),
(20518753, 'STSGANJIL25268728', 'LUTHFI DWI NOVANTO', 'xiitjkt22526', 'TJKT', 'K01030098238704', 'STSGANJIL25268728', 'siswa', 1),
(20525152, 'STSGANJIL25268728', 'MUHAMAD ALI FAUZAN', 'xiitjkt22526', 'TJKT', 'K01030098238713', 'STSGANJIL25268728', 'siswa', 1),
(20537899, 'STSGANJIL25268728', 'MUHAMAD AR RIDHO', 'xiitjkt22526', 'TJKT', 'K01030098238714', 'STSGANJIL25268728', 'siswa', 1),
(20544827, 'STSGANJIL25268728', 'MUHAMMAD ABHIZART FAHLEVI', 'xiitjkt22526', 'TJKT', 'K01030098238721', 'STSGANJIL25268728', 'siswa', 1),
(20553700, 'STSGANJIL25268728', 'MUHAMMAD ADLY FEBRIAN', 'xiitjkt22526', 'TJKT', 'K01030098238722', 'STSGANJIL25268728', 'siswa', 1),
(20561888, 'STSGANJIL25268728', 'MUHAMMAD AMRIL MUZAKI', 'xiitjkt22526', 'TJKT', 'K01030098238705', 'STSGANJIL25268728', 'siswa', 1),
(20573451, 'STSGANJIL25268728', 'MUHAMMAD FASHYA ARIFIN', 'xiitjkt22526', 'TJKT', 'K01030098238727', 'STSGANJIL25268728', 'siswa', 1),
(20584005, 'STSGANJIL25268728', 'MUHAMMAD FATHAH NUGROHO', 'xiitjkt22526', 'TJKT', 'K01030098238728', 'STSGANJIL25268728', 'siswa', 1),
(20599697, 'STSGANJIL25268728', 'MUHAMMAD FURQON MUQORROBIN', 'xiitjkt22526', 'TJKT', 'K01030098238729', 'STSGANJIL25268728', 'siswa', 1),
(20605150, 'STSGANJIL25268728', 'RAIHAN PUTRA ABDILLAH', 'xiitjkt22526', 'TJKT', 'K01030098238739', 'STSGANJIL25268728', 'siswa', 1),
(20615887, 'STSGANJIL25268728', 'RIAN KUSUMADIKA', 'xiitjkt22526', 'TJKT', 'K01030098238748', 'STSGANJIL25268728', 'siswa', 1),
(20625486, 'STSGANJIL25268728', 'RIDHO SURYA ATMAJA', 'xiitjkt22526', 'TJKT', 'K01030098238751', 'STSGANJIL25268728', 'siswa', 1),
(20639061, 'STSGANJIL25268728', 'RIFA AGAM', 'xiitjkt22526', 'TJKT', 'K01030098238752', 'STSGANJIL25268728', 'siswa', 1),
(20649635, 'STSGANJIL25268728', 'RIFQI DWI ANDIKA', 'xiitjkt22526', 'TJKT', 'K01030098238753', 'STSGANJIL25268728', 'siswa', 1),
(20652973, 'STSGANJIL25268728', 'RIZKI NOVA PRATAMA', 'xiitjkt22526', 'TJKT', 'K01030098238756', 'STSGANJIL25268728', 'siswa', 1),
(20667646, 'STSGANJIL25268728', 'RUDE MARCHALINO', 'xiitjkt22526', 'TJKT', 'K01030098238760', 'STSGANJIL25268728', 'siswa', 1),
(20672174, 'STSGANJIL25268728', 'SULTAN ABDU AL FAATHIR', 'xiitjkt22526', 'TJKT', 'K01030098238763', 'STSGANJIL25268728', 'siswa', 1),
(20683584, 'STSGANJIL25268728', 'TEZAR ADITYA', 'xiitjkt22526', 'TJKT', 'K01030098238767', 'STSGANJIL25268728', 'siswa', 1),
(20691760, 'STSGANJIL25268728', 'WAHYU LAKSANA PUTRA', 'xiitjkt22526', 'TJKT', 'K01030098238770', 'STSGANJIL25268728', 'siswa', 1),
(20704558, 'STSGANJIL25268728', 'YAYAN ARDIYANSAH', 'xiitjkt22526', 'TJKT', 'K01030098238771', 'STSGANJIL25268728', 'siswa', 1),
(20716076, 'STSGANJIL25268728', 'YULIANTO PRASETIO', 'xiitjkt22526', 'TJKT', 'K01030098238773', 'STSGANJIL25268728', 'siswa', 1),
(20725239, 'STSGANJIL25268728', 'ABDUL LATIP', 'xiitjkt32526', 'TJKT', 'K01030098238638', 'STSGANJIL25268728', 'siswa', 1),
(20737293, 'STSGANJIL25268728', 'ADAM KHAIRY YASHA', 'xiitjkt32526', 'TJKT', 'K01030098239006', 'STSGANJIL25268728', 'siswa', 1),
(20741565, 'STSGANJIL25268728', 'ADITIYA HERIYANTO', 'xiitjkt32526', 'TJKT', 'K01030098238641', 'STSGANJIL25268728', 'siswa', 1),
(20758100, 'STSGANJIL25268728', 'ADITYA AWAL TAZUDIN', 'xiitjkt32526', 'TJKT', 'K01030098238642', 'STSGANJIL25268728', 'siswa', 1),
(20761571, 'STSGANJIL25268728', 'ADITYA PUTRA PANGESTU', 'xiitjkt32526', 'TJKT', 'K01030098238644', 'STSGANJIL25268728', 'siswa', 1),
(20774264, 'STSGANJIL25268728', 'AFSOLIEAN KARIF', 'xiitjkt32526', 'TJKT', 'K01030098238647', 'STSGANJIL25268728', 'siswa', 1),
(20787676, 'STSGANJIL25268728', 'AHMAD FADILLAH SYA\'BAN', 'xiitjkt32526', 'TJKT', 'K01030098238649', 'STSGANJIL25268728', 'siswa', 1),
(20791688, 'STSGANJIL25268728', 'AHMAD KHAIRUL MUSTOFA', 'xiitjkt32526', 'TJKT', 'K01030098238650', 'STSGANJIL25268728', 'siswa', 1),
(20806364, 'STSGANJIL25268728', 'AHMAD RIFAI', 'xiitjkt32526', 'TJKT', 'K01030098238651', 'STSGANJIL25268728', 'siswa', 1),
(20814775, 'STSGANJIL25268728', 'ALI PATRIYO', 'xiitjkt32526', 'TJKT', 'K01030098238653', 'STSGANJIL25268728', 'siswa', 1),
(20826495, 'STSGANJIL25268728', 'ALNO ANSYAHARIN', 'xiitjkt32526', 'TJKT', 'K01030098238654', 'STSGANJIL25268728', 'siswa', 1),
(20831174, 'STSGANJIL25268728', 'ANGGA PUTRA', 'xiitjkt32526', 'TJKT', 'K01030098238660', 'STSGANJIL25268728', 'siswa', 1),
(20847133, 'STSGANJIL25268728', 'ARDITYA BAGAS PRATAMA', 'xiitjkt32526', 'TJKT', 'K01030098238662', 'STSGANJIL25268728', 'siswa', 1),
(20857946, 'STSGANJIL25268728', 'DIKY RIYADI', 'xiitjkt32526', 'TJKT', 'K01030098238675', 'STSGANJIL25268728', 'siswa', 1),
(20864098, 'STSGANJIL25268728', 'FAHIM MUHAMMAD AL DAFFA', 'xiitjkt32526', 'TJKT', 'K01030098238680', 'STSGANJIL25268728', 'siswa', 1),
(20877994, 'STSGANJIL25268728', 'FAJAR PURNAMA', 'xiitjkt32526', 'TJKT', 'K01030098238683', 'STSGANJIL25268728', 'siswa', 1),
(20885349, 'STSGANJIL25268728', 'FAJRI DWI SAPUTRA', 'xiitjkt32526', 'TJKT', 'K01030098238684', 'STSGANJIL25268728', 'siswa', 1),
(20899893, 'STSGANJIL25268728', 'GIRI MAS PERKASA', 'xiitjkt32526', 'TJKT', 'K01030098238696', 'STSGANJIL25268728', 'siswa', 1),
(20903341, 'STSGANJIL25268728', 'HAYKAL NUR RIZKI', 'xiitjkt32526', 'TJKT', 'K01030098238698', 'STSGANJIL25268728', 'siswa', 1),
(20911168, 'STSGANJIL25268728', 'KATON FAJAR IRAWAN', 'xiitjkt32526', 'TJKT', 'K01030098238702', 'STSGANJIL25268728', 'siswa', 1),
(20924109, 'STSGANJIL25268728', 'KHARIS ALMEIDA ROHMAN', 'xiitjkt32526', 'TJKT', 'K01030098238703', 'STSGANJIL25268728', 'siswa', 1),
(20938788, 'STSGANJIL25268728', 'MOHAMMAD ZIKRA ARFARIDZI', 'xiitjkt32526', 'TJKT', 'K01030098238709', 'STSGANJIL25268728', 'siswa', 1),
(20947060, 'STSGANJIL25268728', 'MUHAMAD LUTFI GHIFFARIE', 'xiitjkt32526', 'TJKT', 'K01030098238716', 'STSGANJIL25268728', 'siswa', 1),
(20953675, 'STSGANJIL25268728', 'MUHAMAD REFFA', 'xiitjkt32526', 'TJKT', 'K01030098238718', 'STSGANJIL25268728', 'siswa', 1),
(20969203, 'STSGANJIL25268728', 'MUHAMAD RIO FRAMUDYA HERMAWAN', 'xiitjkt32526', 'TJKT', 'K01030098238719', 'STSGANJIL25268728', 'siswa', 1),
(20972535, 'STSGANJIL25268728', 'MUHAMMAD ARLIAN SYAPUTRA', 'xiitjkt32526', 'TJKT', 'K01030098238724', 'STSGANJIL25268728', 'siswa', 1),
(20988811, 'STSGANJIL25268728', 'MUHAMMAD FARHAN RAMADHAN', 'xiitjkt32526', 'TJKT', 'K01030098238726', 'STSGANJIL25268728', 'siswa', 1),
(20996798, 'STSGANJIL25268728', 'MUHAMMAD NADHIF RIZALDY', 'xiitjkt32526', 'TJKT', 'K01030098238731', 'STSGANJIL25268728', 'siswa', 1),
(21006455, 'STSGANJIL25268728', 'MUHAMMAD SYARIF AL FATHIER', 'xiitjkt32526', 'TJKT', 'K01030098238732', 'STSGANJIL25268728', 'siswa', 1),
(21012570, 'STSGANJIL25268728', 'MUHAMMAD WILDAN ALFURQON', 'xiitjkt32526', 'TJKT', 'K01030098238733', 'STSGANJIL25268728', 'siswa', 1),
(21021609, 'STSGANJIL25268728', 'MUHAMMAD WILDAN DWI CHANDRA', 'xiitjkt32526', 'TJKT', 'K01030098238706', 'STSGANJIL25268728', 'siswa', 1),
(21036409, 'STSGANJIL25268728', 'PERI SUBAKTI', 'xiitjkt32526', 'TJKT', 'K01030098238734', 'STSGANJIL25268728', 'siswa', 1),
(21049847, 'STSGANJIL25268728', 'RAHMADHAN RIZAL THAULANI', 'xiitjkt32526', 'TJKT', 'K01030098238738', 'STSGANJIL25268728', 'siswa', 1),
(21053152, 'STSGANJIL25268728', 'RAYHAN ARIFIN HIDAYAT', 'xiitjkt32526', 'TJKT', 'K01030098238741', 'STSGANJIL25268728', 'siswa', 1),
(21067547, 'STSGANJIL25268728', 'RAYHAN JULIAN', 'xiitjkt32526', 'TJKT', 'K01030098238742', 'STSGANJIL25268728', 'siswa', 1),
(21071888, 'STSGANJIL25268728', 'RAYHAN NURIL MUSTAQIM', 'xiitjkt32526', 'TJKT', 'K01030098238743', 'STSGANJIL25268728', 'siswa', 1),
(21088515, 'STSGANJIL25268728', 'RAZKA KHAIRUL AMARULLAH', 'xiitjkt32526', 'TJKT', 'K01030098238744', 'STSGANJIL25268728', 'siswa', 1),
(21098672, 'STSGANJIL25268728', 'REZA EGI SAPUTRA', 'xiitjkt32526', 'TJKT', 'K01030098238746', 'STSGANJIL25268728', 'siswa', 1),
(21109743, 'STSGANJIL25268728', 'RIZKI MUHAMAD RAFI', 'xiitjkt32526', 'TJKT', 'K01030098238755', 'STSGANJIL25268728', 'siswa', 1),
(21115890, 'STSGANJIL25268728', 'RIZKY ADI NUGROHO', 'xiitjkt32526', 'TJKT', 'K01030098238757', 'STSGANJIL25268728', 'siswa', 1),
(21125855, 'STSGANJIL25268728', 'RIZKY MUHAMMAD KURNIAWAN', 'xiitjkt32526', 'TJKT', 'K01030098238759', 'STSGANJIL25268728', 'siswa', 1),
(21138470, 'STSGANJIL25268728', 'SATRIA ERLANGGA', 'xiitjkt32526', 'TJKT', 'K01030098238762', 'STSGANJIL25268728', 'siswa', 1),
(21146279, 'STSGANJIL25268728', 'SULTAN NUR ANDRIANSYAH', 'xiitjkt32526', 'TJKT', 'K01030098238764', 'STSGANJIL25268728', 'siswa', 1),
(21154128, 'STSGANJIL25268728', 'SYAHWAL HARIS LUKMANOV', 'xiitjkt32526', 'TJKT', 'K01030098238766', 'STSGANJIL25268728', 'siswa', 1),
(21166548, 'STSGANJIL25268728', 'VICKIH HARIANTO', 'xiitjkt32526', 'TJKT', 'K01030098238769', 'STSGANJIL25268728', 'siswa', 1),
(21176556, 'STSGANJIL25268728', 'YUSRON AL FAWAZ', 'xiitjkt32526', 'TJKT', 'K01030098238772', 'STSGANJIL25268728', 'siswa', 1);

-- --------------------------------------------------------

--
-- Table structure for table `sessions`
--

CREATE TABLE `sessions` (
  `id` int(11) NOT NULL,
  `session_id` varchar(128) NOT NULL,
  `username` varchar(50) NOT NULL,
  `ip_address` varchar(45) NOT NULL,
  `login_time` datetime NOT NULL
) ENGINE=InnoDB DEFAULT CHARSET=utf8 COLLATE=utf8_general_ci;

--
-- Dumping data for table `sessions`
--

INSERT INTO `sessions` (`id`, `session_id`, `username`, `ip_address`, `login_time`) VALUES
(2, '4e6a6e38fe1502172c61304a67e860d412e3846b', 'K01030098259638', '::1', '2025-10-12 14:56:09'),
(3, 'c55748fb5112ee79d772ebadb07ee9989b02fb3c', 'K01030098259638', '::1', '2025-10-12 14:58:16');

-- --------------------------------------------------------

--
-- Table structure for table `sessions_auth`
--

CREATE TABLE `sessions_auth` (
  `id` int(11) NOT NULL,
  `session_id` varchar(128) NOT NULL,
  `username` varchar(50) NOT NULL,
  `ip_address` varchar(45) NOT NULL,
  `login_time` datetime NOT NULL
) ENGINE=InnoDB DEFAULT CHARSET=utf8 COLLATE=utf8_general_ci;

--
-- Dumping data for table `sessions_auth`
--

INSERT INTO `sessions_auth` (`id`, `session_id`, `username`, `ip_address`, `login_time`) VALUES
(1, '4e6a6e38fe1502172c61304a67e860d412e3846b', 'k01030098', '::1', '2025-10-12 14:55:07');

-- --------------------------------------------------------

--
-- Table structure for table `soal`
--

CREATE TABLE `soal` (
  `id_soal` bigint(20) NOT NULL,
  `id_jadwal` bigint(20) NOT NULL,
  `soal` text NOT NULL,
  `pilA` text NOT NULL,
  `pilB` text NOT NULL,
  `pilC` text NOT NULL,
  `pilD` text NOT NULL,
  `pilE` text NOT NULL,
  `kunci` text NOT NULL
) ENGINE=InnoDB DEFAULT CHARSET=utf8mb4 COLLATE=utf8mb4_general_ci;

--
-- Dumping data for table `soal`
--

INSERT INTO `soal` (`id_soal`, `id_jadwal`, `soal`, `pilA`, `pilB`, `pilC`, `pilD`, `pilE`, `kunci`) VALUES
(1010, 89988456, 'Algoritma adalah ', 'Bahasa pemrograman', 'Urutan langkah logis untuk menyelesaikan masalah', 'Perangkat keras komputer', 'Data yang tersimpan di memori', 'Perintah dalam sistem operasi', 'Urutan langkah logis untuk menyelesaikan masalah'),
(1011, 89988456, 'Algoritma adalah ', 'Bahasa pemrograman', 'Urutan langkah logis untuk menyelesaikan masalah', 'Perangkat keras komputer', 'Data yang tersimpan di memori', 'Perintah dalam sistem operasi', 'Urutan langkah logis untuk menyelesaikan masalah'),
(1012, 89988456, 'Algoritma adalah ', 'Bahasa pemrograman', 'Urutan langkah logis untuk menyelesaikan masalah', 'Perangkat keras komputer', 'Data yang tersimpan di memori', 'Perintah dalam sistem operasi', 'Urutan langkah logis untuk menyelesaikan masalah'),
(1013, 89988456, 'Algoritma adalah ', 'Bahasa pemrograman', 'Urutan langkah logis untuk menyelesaikan masalah', 'Perangkat keras komputer', 'Data yang tersimpan di memori', 'Perintah dalam sistem operasi', 'Urutan langkah logis untuk menyelesaikan masalah'),
(1014, 89988456, 'Algoritma adalah ', 'Bahasa pemrograman', 'Urutan langkah logis untuk menyelesaikan masalah', 'Perangkat keras komputer', 'Data yang tersimpan di memori', 'Perintah dalam sistem operasi', 'Urutan langkah logis untuk menyelesaikan masalah'),
(1015, 89988456, 'Algoritma adalah ', 'Bahasa pemrograman', 'Urutan langkah logis untuk menyelesaikan masalah', 'Perangkat keras komputer', 'Data yang tersimpan di memori', 'Perintah dalam sistem operasi', 'Urutan langkah logis untuk menyelesaikan masalah'),
(1016, 89988456, 'Algoritma adalah ', 'Bahasa pemrograman', 'Urutan langkah logis untuk menyelesaikan masalah', 'Perangkat keras komputer', 'Data yang tersimpan di memori', 'Perintah dalam sistem operasi', 'Urutan langkah logis untuk menyelesaikan masalah'),
(1017, 89988456, 'Algoritma adalah ', 'Bahasa pemrograman', 'Urutan langkah logis untuk menyelesaikan masalah', 'Perangkat keras komputer', 'Data yang tersimpan di memori', 'Perintah dalam sistem operasi', 'Urutan langkah logis untuk menyelesaikan masalah'),
(1018, 89988456, 'Algoritma adalah ', 'Bahasa pemrograman', 'Urutan langkah logis untuk menyelesaikan masalah', 'Perangkat keras komputer', 'Data yang tersimpan di memori', 'Perintah dalam sistem operasi', 'Urutan langkah logis untuk menyelesaikan masalah'),
(1020, 97719772, 'Algoritma adalah ', 'Bahasa pemrograman', 'Urutan langkah logis untuk menyelesaikan masalah', 'Perangkat keras komputer', 'Data yang tersimpan di memori', 'Perintah dalam sistem operasi', 'Urutan langkah logis untuk menyelesaikan masalah'),
(1021, 97719772, 'Algoritma adalah ', 'Bahasa pemrograman', 'Urutan langkah logis untuk menyelesaikan masalah', 'Perangkat keras komputer', 'Data yang tersimpan di memori', 'Perintah dalam sistem operasi', 'Urutan langkah logis untuk menyelesaikan masalah'),
(1022, 97719772, 'Algoritma adalah ', 'Bahasa pemrograman', 'Urutan langkah logis untuk menyelesaikan masalah', 'Perangkat keras komputer', 'Data yang tersimpan di memori', 'Perintah dalam sistem operasi', 'Urutan langkah logis untuk menyelesaikan masalah'),
(1023, 97719772, 'Algoritma adalah ', 'Bahasa pemrograman', 'Urutan langkah logis untuk menyelesaikan masalah', 'Perangkat keras komputer', 'Data yang tersimpan di memori', 'Perintah dalam sistem operasi', 'Urutan langkah logis untuk menyelesaikan masalah'),
(1024, 97719772, 'Algoritma adalah ', 'Bahasa pemrograman', 'Urutan langkah logis untuk menyelesaikan masalah', 'Perangkat keras komputer', 'Data yang tersimpan di memori', 'Perintah dalam sistem operasi', 'Urutan langkah logis untuk menyelesaikan masalah'),
(1025, 97719772, 'Algoritma adalah ', 'Bahasa pemrograman', 'Urutan langkah logis untuk menyelesaikan masalah', 'Perangkat keras komputer', 'Data yang tersimpan di memori', 'Perintah dalam sistem operasi', 'Urutan langkah logis untuk menyelesaikan masalah'),
(1026, 97719772, 'Algoritma adalah ', 'Bahasa pemrograman', 'Urutan langkah logis untuk menyelesaikan masalah', 'Perangkat keras komputer', 'Data yang tersimpan di memori', 'Perintah dalam sistem operasi', 'Urutan langkah logis untuk menyelesaikan masalah'),
(1027, 97719772, 'Algoritma adalah ', 'Bahasa pemrograman', 'Urutan langkah logis untuk menyelesaikan masalah', 'Perangkat keras komputer', 'Data yang tersimpan di memori', 'Perintah dalam sistem operasi', 'Urutan langkah logis untuk menyelesaikan masalah'),
(1028, 97719772, 'Algoritma adalah ', 'Bahasa pemrograman', 'Urutan langkah logis untuk menyelesaikan masalah', 'Perangkat keras komputer', 'Data yang tersimpan di memori', 'Perintah dalam sistem operasi', 'Urutan langkah logis untuk menyelesaikan masalah');

--
-- Indexes for dumped tables
--

--
-- Indexes for table `auth`
--
ALTER TABLE `auth`
  ADD PRIMARY KEY (`id`);

--
-- Indexes for table `a_jadwal`
--
ALTER TABLE `a_jadwal`
  ADD PRIMARY KEY (`id_jadwal`);

--
-- Indexes for table `a_jurusan`
--
ALTER TABLE `a_jurusan`
  ADD PRIMARY KEY (`id`) USING BTREE;

--
-- Indexes for table `a_kelas`
--
ALTER TABLE `a_kelas`
  ADD PRIMARY KEY (`id`) USING BTREE;

--
-- Indexes for table `a_mapel`
--
ALTER TABLE `a_mapel`
  ADD PRIMARY KEY (`id_mapel`);

--
-- Indexes for table `a_setting`
--
ALTER TABLE `a_setting`
  ADD PRIMARY KEY (`id_setting`);

--
-- Indexes for table `a_siswa`
--
ALTER TABLE `a_siswa`
  ADD PRIMARY KEY (`id`);

--
-- Indexes for table `sessions`
--
ALTER TABLE `sessions`
  ADD PRIMARY KEY (`id`),
  ADD UNIQUE KEY `session_id` (`session_id`);

--
-- Indexes for table `sessions_auth`
--
ALTER TABLE `sessions_auth`
  ADD PRIMARY KEY (`id`),
  ADD UNIQUE KEY `session_id` (`session_id`);

--
-- Indexes for table `soal`
--
ALTER TABLE `soal`
  ADD PRIMARY KEY (`id_soal`);

--
-- AUTO_INCREMENT for dumped tables
--

--
-- AUTO_INCREMENT for table `auth`
--
ALTER TABLE `auth`
  MODIFY `id` int(11) NOT NULL AUTO_INCREMENT, AUTO_INCREMENT=7;

--
-- AUTO_INCREMENT for table `a_jurusan`
--
ALTER TABLE `a_jurusan`
  MODIFY `id` int(11) NOT NULL AUTO_INCREMENT, AUTO_INCREMENT=506;

--
-- AUTO_INCREMENT for table `a_kelas`
--
ALTER TABLE `a_kelas`
  MODIFY `id` int(11) NOT NULL AUTO_INCREMENT, AUTO_INCREMENT=10282527;

--
-- AUTO_INCREMENT for table `a_setting`
--
ALTER TABLE `a_setting`
  MODIFY `id_setting` int(12) NOT NULL AUTO_INCREMENT, AUTO_INCREMENT=1002;

--
-- AUTO_INCREMENT for table `sessions`
--
ALTER TABLE `sessions`
  MODIFY `id` int(11) NOT NULL AUTO_INCREMENT, AUTO_INCREMENT=4;

--
-- AUTO_INCREMENT for table `sessions_auth`
--
ALTER TABLE `sessions_auth`
  MODIFY `id` int(11) NOT NULL AUTO_INCREMENT, AUTO_INCREMENT=2;
COMMIT;

/*!40101 SET CHARACTER_SET_CLIENT=@OLD_CHARACTER_SET_CLIENT */;
/*!40101 SET CHARACTER_SET_RESULTS=@OLD_CHARACTER_SET_RESULTS */;
/*!40101 SET COLLATION_CONNECTION=@OLD_COLLATION_CONNECTION */;
